2026-03-20T06:13:33.348Z | heartbeat: aruco_pose_streamer | buf=  1
2026-03-20T06:13:33.486Z | heartbeat: aruco_pose_streamer | buf=  2
2026-03-20T06:13:34.508Z | heartbeat: aruco_pose_streamer | buf=  3
2026-03-20T06:13:35.531Z | heartbeat: aruco_pose_streamer | buf=  4
2026-03-20T06:13:36.553Z | heartbeat: aruco_pose_streamer | buf=  5
2026-03-20T06:13:37.578Z | heartbeat: aruco_pose_streamer | buf=  6
2026-03-20T06:13:38.606Z | heartbeat: aruco_pose_streamer | buf=  7
2026-03-20T06:13:39.630Z | heartbeat: aruco_pose_streamer | buf=  8
2026-03-20T06:13:40.654Z | heartbeat: aruco_pose_streamer | buf=  9
2026-03-20T06:14:18.933Z | heartbeat: aruco_pose_streamer | buf=  1
2026-03-20T06:14:19.450Z | heartbeat: aruco_pose_streamer | buf=  2
2026-03-20T06:14:20.471Z | heartbeat: aruco_pose_streamer | buf=  3
2026-03-20T06:14:21.494Z | heartbeat: aruco_pose_streamer | buf=  4
2026-03-20T06:14:22.517Z | heartbeat: aruco_pose_streamer | buf=  5
2026-03-20T06:14:23.542Z | heartbeat: aruco_pose_streamer | buf=  6
2026-03-20T06:14:24.568Z | heartbeat: aruco_pose_streamer | buf=  7
2026-03-20T06:14:25.590Z | heartbeat: aruco_pose_streamer | buf=  8
2026-03-20T06:14:26.619Z | heartbeat: aruco_pose_streamer | buf=  9
2026-03-20T06:14:27.649Z | heartbeat: aruco_pose_streamer | buf= 10
2026-03-20T06:14:28.677Z | heartbeat: aruco_pose_streamer | buf= 11
2026-03-20T06:14:29.702Z | heartbeat: aruco_pose_streamer | buf= 12
2026-03-20T06:14:30.726Z | heartbeat: aruco_pose_streamer | buf= 13
2026-03-20T06:14:31.750Z | heartbeat: aruco_pose_streamer | buf= 14
2026-03-20T06:14:32.777Z | heartbeat: aruco_pose_streamer | buf= 15
2026-03-20T06:14:33.799Z | heartbeat: aruco_pose_streamer | buf= 16
2026-03-20T06:14:34.826Z | heartbeat: aruco_pose_streamer | buf= 17
2026-03-20T06:14:35.853Z | heartbeat: aruco_pose_streamer | buf= 18
2026-03-20T06:14:36.874Z | heartbeat: aruco_pose_streamer | buf= 19
2026-03-20T06:14:37.908Z | heartbeat: aruco_pose_streamer | buf= 20
2026-03-20T06:14:38.933Z | heartbeat: aruco_pose_streamer | buf= 21
2026-03-20T06:14:39.967Z | heartbeat: aruco_pose_streamer | buf= 22
2026-03-20T06:14:40.993Z | heartbeat: aruco_pose_streamer | buf= 23
2026-03-20T06:14:42.023Z | heartbeat: aruco_pose_streamer | buf= 24
2026-03-20T06:14:43.046Z | heartbeat: aruco_pose_streamer | buf= 25
2026-03-20T06:14:44.072Z | heartbeat: aruco_pose_streamer | buf= 26
2026-03-20T06:14:45.095Z | heartbeat: aruco_pose_streamer | buf= 27
2026-03-20T06:14:46.122Z | heartbeat: aruco_pose_streamer | buf= 28
2026-03-20T06:14:47.144Z | heartbeat: aruco_pose_streamer | buf= 29
2026-03-20T06:14:48.172Z | heartbeat: aruco_pose_streamer | buf= 30
2026-03-20T06:14:49.197Z | heartbeat: aruco_pose_streamer | buf= 31
2026-03-20T06:14:50.225Z | heartbeat: aruco_pose_streamer | buf= 32
2026-03-20T06:14:51.252Z | heartbeat: aruco_pose_streamer | buf= 33
2026-03-20T06:14:52.278Z | heartbeat: aruco_pose_streamer | buf= 34
2026-03-20T06:14:53.304Z | heartbeat: aruco_pose_streamer | buf= 35
2026-03-20T06:14:54.330Z | heartbeat: aruco_pose_streamer | buf= 36
2026-03-20T06:14:55.353Z | heartbeat: aruco_pose_streamer | buf= 37
2026-03-20T06:14:56.375Z | heartbeat: aruco_pose_streamer | buf= 38
2026-03-20T06:14:57.396Z | heartbeat: aruco_pose_streamer | buf= 39
2026-03-20T06:14:58.424Z | heartbeat: aruco_pose_streamer | buf= 40
2026-03-20T06:14:59.448Z | heartbeat: aruco_pose_streamer | buf= 41
2026-03-20T06:15:00.472Z | heartbeat: aruco_pose_streamer | buf= 42
2026-03-20T06:15:01.495Z | heartbeat: aruco_pose_streamer | buf= 43
2026-03-20T06:15:02.519Z | heartbeat: aruco_pose_streamer | buf= 44
2026-03-20T06:15:03.548Z | heartbeat: aruco_pose_streamer | buf= 45
2026-03-20T06:15:04.572Z | heartbeat: aruco_pose_streamer | buf= 46
2026-03-20T06:15:05.596Z | heartbeat: aruco_pose_streamer | buf= 47
2026-03-20T06:15:06.626Z | heartbeat: aruco_pose_streamer | buf= 48
2026-03-20T06:15:07.650Z | heartbeat: aruco_pose_streamer | buf= 49
2026-03-20T06:15:08.676Z | heartbeat: aruco_pose_streamer | buf= 50
2026-03-20T06:15:09.702Z | heartbeat: aruco_pose_streamer | buf= 51
2026-03-20T06:15:10.725Z | heartbeat: aruco_pose_streamer | buf= 52
2026-03-20T06:15:11.757Z | heartbeat: aruco_pose_streamer | buf= 53
2026-03-20T06:15:12.780Z | heartbeat: aruco_pose_streamer | buf= 54
2026-03-20T06:15:13.814Z | heartbeat: aruco_pose_streamer | buf= 55
2026-03-20T06:15:14.843Z | heartbeat: aruco_pose_streamer | buf= 56
2026-03-20T06:15:15.870Z | heartbeat: aruco_pose_streamer | buf= 57
2026-03-20T06:15:16.899Z | heartbeat: aruco_pose_streamer | buf= 58
2026-03-20T06:15:17.922Z | heartbeat: aruco_pose_streamer | buf= 59
2026-03-20T06:15:18.955Z | heartbeat: aruco_pose_streamer | buf= 60
2026-03-20T06:15:19.985Z | heartbeat: aruco_pose_streamer | buf= 61
2026-03-20T06:15:21.014Z | heartbeat: aruco_pose_streamer | buf= 62
2026-03-20T06:15:22.038Z | heartbeat: aruco_pose_streamer | buf= 63
2026-03-20T06:15:23.065Z | heartbeat: aruco_pose_streamer | buf= 64
2026-03-20T06:15:24.090Z | heartbeat: aruco_pose_streamer | buf= 65
2026-03-20T06:15:25.110Z | heartbeat: aruco_pose_streamer | buf= 66
2026-03-20T06:15:26.135Z | heartbeat: aruco_pose_streamer | buf= 67
2026-03-20T06:15:27.160Z | heartbeat: aruco_pose_streamer | buf= 68
2026-03-20T06:15:28.197Z | heartbeat: aruco_pose_streamer | buf= 69
2026-03-20T06:15:29.224Z | heartbeat: aruco_pose_streamer | buf= 70
2026-03-20T06:15:30.253Z | heartbeat: aruco_pose_streamer | buf= 71
2026-03-20T06:15:31.281Z | heartbeat: aruco_pose_streamer | buf= 72
2026-03-20T06:15:32.308Z | heartbeat: aruco_pose_streamer | buf= 73
2026-03-20T06:15:33.332Z | heartbeat: aruco_pose_streamer | buf= 74
2026-03-20T06:15:34.355Z | heartbeat: aruco_pose_streamer | buf= 75
2026-03-20T06:15:35.384Z | heartbeat: aruco_pose_streamer | buf= 76
2026-03-20T06:15:36.412Z | heartbeat: aruco_pose_streamer | buf= 77
2026-03-20T06:15:37.437Z | heartbeat: aruco_pose_streamer | buf= 78
2026-03-20T06:15:38.457Z | heartbeat: aruco_pose_streamer | buf= 79
2026-03-20T06:15:39.484Z | heartbeat: aruco_pose_streamer | buf= 80
2026-03-20T06:15:40.508Z | heartbeat: aruco_pose_streamer | buf= 81
2026-03-20T06:15:41.533Z | heartbeat: aruco_pose_streamer | buf= 82
2026-03-20T06:15:42.558Z | heartbeat: aruco_pose_streamer | buf= 83
2026-03-20T06:15:43.585Z | heartbeat: aruco_pose_streamer | buf= 84
2026-03-20T06:15:44.607Z | heartbeat: aruco_pose_streamer | buf= 85
2026-03-20T06:15:45.630Z | heartbeat: aruco_pose_streamer | buf= 86
2026-03-20T06:15:46.660Z | heartbeat: aruco_pose_streamer | buf= 87
2026-03-20T06:15:47.685Z | heartbeat: aruco_pose_streamer | buf= 88
2026-03-20T06:15:48.709Z | heartbeat: aruco_pose_streamer | buf= 89
2026-03-20T06:15:49.734Z | heartbeat: aruco_pose_streamer | buf= 90
2026-03-20T06:15:50.758Z | heartbeat: aruco_pose_streamer | buf= 91
2026-03-20T06:15:51.788Z | heartbeat: aruco_pose_streamer | buf= 92
2026-03-20T06:15:52.819Z | heartbeat: aruco_pose_streamer | buf= 93
2026-03-20T06:26:30.534Z | heartbeat: aruco_pose_streamer | buf=  1
2026-03-20T06:26:30.622Z | heartbeat: aruco_pose_streamer | buf=  2
2026-03-20T06:26:31.646Z | heartbeat: aruco_pose_streamer | buf=  3
2026-03-20T06:26:32.672Z | heartbeat: aruco_pose_streamer | buf=  4
2026-03-20T06:26:33.697Z | heartbeat: aruco_pose_streamer | buf=  5
2026-03-20T06:26:34.719Z | heartbeat: aruco_pose_streamer | buf=  6
2026-03-20T06:26:35.754Z | heartbeat: aruco_pose_streamer | buf=  7
2026-03-20T06:26:36.784Z | heartbeat: aruco_pose_streamer | buf=  8
2026-03-20T06:26:37.810Z | heartbeat: aruco_pose_streamer | buf=  9
2026-03-20T06:26:38.837Z | heartbeat: aruco_pose_streamer | buf= 10
2026-03-20T06:26:39.866Z | heartbeat: aruco_pose_streamer | buf= 11
2026-03-20T06:26:40.890Z | heartbeat: aruco_pose_streamer | buf= 12
2026-03-20T06:26:41.918Z | heartbeat: aruco_pose_streamer | buf= 13
2026-03-20T06:26:42.940Z | heartbeat: aruco_pose_streamer | buf= 14
2026-03-20T06:26:43.964Z | heartbeat: aruco_pose_streamer | buf= 15
2026-03-20T06:26:44.990Z | heartbeat: aruco_pose_streamer | buf= 16
2026-03-20T06:26:46.019Z | heartbeat: aruco_pose_streamer | buf= 17
2026-03-20T06:26:47.045Z | heartbeat: aruco_pose_streamer | buf= 18
2026-03-20T06:26:48.071Z | heartbeat: aruco_pose_streamer | buf= 19
2026-03-20T06:26:49.094Z | heartbeat: aruco_pose_streamer | buf= 20
2026-03-20T06:26:50.119Z | heartbeat: aruco_pose_streamer | buf= 21
2026-03-20T06:26:51.145Z | heartbeat: aruco_pose_streamer | buf= 22
2026-03-20T06:26:52.181Z | heartbeat: aruco_pose_streamer | buf= 23
2026-03-20T06:26:53.209Z | heartbeat: aruco_pose_streamer | buf= 24
2026-03-20T06:26:54.240Z | heartbeat: aruco_pose_streamer | buf= 25
2026-03-20T06:26:55.266Z | heartbeat: aruco_pose_streamer | buf= 26
2026-03-20T06:26:56.291Z | heartbeat: aruco_pose_streamer | buf= 27
2026-03-20T06:26:57.318Z | heartbeat: aruco_pose_streamer | buf= 28
2026-03-20T06:26:58.345Z | heartbeat: aruco_pose_streamer | buf= 29
2026-03-20T06:26:59.371Z | heartbeat: aruco_pose_streamer | buf= 30
2026-03-20T06:27:00.405Z | heartbeat: aruco_pose_streamer | buf= 31
2026-03-20T06:27:01.433Z | heartbeat: aruco_pose_streamer | buf= 32
2026-03-20T06:27:02.464Z | heartbeat: aruco_pose_streamer | buf= 33
2026-03-20T06:27:03.493Z | heartbeat: aruco_pose_streamer | buf= 34
2026-03-20T06:27:04.519Z | heartbeat: aruco_pose_streamer | buf= 35
2026-03-20T06:27:05.545Z | heartbeat: aruco_pose_streamer | buf= 36
2026-03-20T06:27:06.568Z | heartbeat: aruco_pose_streamer | buf= 37
2026-03-20T06:27:07.594Z | heartbeat: aruco_pose_streamer | buf= 38
2026-03-20T06:27:08.619Z | heartbeat: aruco_pose_streamer | buf= 39
2026-03-20T06:27:09.643Z | heartbeat: aruco_pose_streamer | buf= 40
2026-03-20T06:27:10.669Z | heartbeat: aruco_pose_streamer | buf= 41
2026-03-20T06:27:11.698Z | heartbeat: aruco_pose_streamer | buf= 42
2026-03-20T06:27:12.721Z | heartbeat: aruco_pose_streamer | buf= 43
2026-03-20T06:27:13.744Z | heartbeat: aruco_pose_streamer | buf= 44
2026-03-20T06:27:14.769Z | heartbeat: aruco_pose_streamer | buf= 45
2026-03-20T06:27:15.791Z | heartbeat: aruco_pose_streamer | buf= 46
2026-03-20T06:27:16.818Z | heartbeat: aruco_pose_streamer | buf= 47
2026-03-20T06:27:17.849Z | heartbeat: aruco_pose_streamer | buf= 48
2026-03-20T06:27:18.875Z | heartbeat: aruco_pose_streamer | buf= 49
2026-03-20T06:27:19.897Z | heartbeat: aruco_pose_streamer | buf= 50
2026-03-20T06:27:20.933Z | heartbeat: aruco_pose_streamer | buf= 51
2026-03-20T06:27:21.958Z | heartbeat: aruco_pose_streamer | buf= 52
2026-03-20T06:27:22.986Z | heartbeat: aruco_pose_streamer | buf= 53
2026-03-20T06:27:24.011Z | heartbeat: aruco_pose_streamer | buf= 54
2026-03-20T06:27:25.038Z | heartbeat: aruco_pose_streamer | buf= 55
2026-03-20T06:27:26.063Z | heartbeat: aruco_pose_streamer | buf= 56
2026-04-08T14:35:02.135Z | heartbeat: aruco_pose_streamer | buf=  1
2026-04-08T14:35:03.156Z | heartbeat: aruco_pose_streamer | buf=  2
2026-04-08T14:35:04.179Z | heartbeat: aruco_pose_streamer | buf=  3
2026-04-08T14:35:05.200Z | heartbeat: aruco_pose_streamer | buf=  4
2026-04-08T14:35:06.222Z | heartbeat: aruco_pose_streamer | buf=  5
2026-04-08T14:35:07.246Z | heartbeat: aruco_pose_streamer | buf=  6
2026-04-08T14:35:08.266Z | heartbeat: aruco_pose_streamer | buf=  7
2026-04-08T14:35:09.288Z | heartbeat: aruco_pose_streamer | buf=  8
2026-04-08T14:35:10.308Z | heartbeat: aruco_pose_streamer | buf=  9
2026-04-08T14:35:11.324Z | heartbeat: aruco_pose_streamer | buf= 10
2026-04-08T14:35:12.343Z | heartbeat: aruco_pose_streamer | buf= 11
2026-04-08T14:35:13.364Z | heartbeat: aruco_pose_streamer | buf= 12
2026-04-08T14:35:14.381Z | heartbeat: aruco_pose_streamer | buf= 13
2026-04-08T14:35:15.404Z | heartbeat: aruco_pose_streamer | buf= 14
2026-04-08T14:35:16.423Z | heartbeat: aruco_pose_streamer | buf= 15
2026-04-08T14:35:17.444Z | heartbeat: aruco_pose_streamer | buf= 16
2026-04-08T14:35:18.463Z | heartbeat: aruco_pose_streamer | buf= 17
2026-04-08T14:35:19.483Z | heartbeat: aruco_pose_streamer | buf= 18
2026-04-08T14:35:20.509Z | heartbeat: aruco_pose_streamer | buf= 19
2026-04-08T14:35:21.532Z | heartbeat: aruco_pose_streamer | buf= 20
2026-04-08T14:35:22.578Z | heartbeat: aruco_pose_streamer | buf= 21
2026-04-08T14:58:50.581Z | frame=camera_rgb_frame | ID: 1; Tvec: x = 0.007498 , y = -0.092006 , z = 0.294226 ; rvec: x = -0.377845 , y = 2.042471 , z = 1.994774 | buf=  1
2026-04-08T14:58:50.581Z | frame=camera_rgb_frame | ID: 1; Tvec: x = 0.007498 , y = -0.092006 , z = 0.294226 ; rvec: x = -0.377845 , y = 2.042471 , z = 1.994774 | buf=  1
2026-04-08T14:58:50.582Z | frame=camera_rgb_frame | ID: 1; Tvec: x = 0.007498 , y = -0.092006 , z = 0.294226 ; rvec: x = -0.377845 , y = 2.042471 , z = 1.994774 | buf=  2
2026-04-08T14:58:50.582Z | frame=camera_rgb_frame | ID: 1; Tvec: x = 0.007498 , y = -0.092006 , z = 0.294226 ; rvec: x = -0.377845 , y = 2.042471 , z = 1.994774 | buf=  2
2026-04-08T14:58:51.175Z | frame=camera_rgb_frame | ID: 1; Tvec: x = 0.082916 , y = -0.091818 , z = 0.266537 ; rvec: x = -0.130363 , y = 2.195150 , z = 2.116086 | buf=  3
2026-04-08T14:58:51.175Z | frame=camera_rgb_frame | ID: 1; Tvec: x = 0.082916 , y = -0.091818 , z = 0.266537 ; rvec: x = -0.130363 , y = 2.195150 , z = 2.116086 | buf=  3
2026-04-08T14:58:51.184Z | frame=camera_rgb_frame | ID: 1; Tvec: x = 0.082916 , y = -0.091818 , z = 0.266537 ; rvec: x = -0.130363 , y = 2.195150 , z = 2.116086 | buf=  4
2026-04-08T14:58:51.184Z | frame=camera_rgb_frame | ID: 1; Tvec: x = 0.082916 , y = -0.091818 , z = 0.266537 ; rvec: x = -0.130363 , y = 2.195150 , z = 2.116086 | buf=  4
2026-04-08T14:58:57.080Z | heartbeat: aruco_pose_streamer | buf=  5
2026-04-08T14:58:57.080Z | heartbeat: aruco_pose_streamer | buf=  5
2026-04-08T14:58:58.080Z | heartbeat: aruco_pose_streamer | buf=  6
2026-04-08T14:58:58.080Z | heartbeat: aruco_pose_streamer | buf=  6
2026-04-08T14:58:59.080Z | heartbeat: aruco_pose_streamer | buf=  7
2026-04-08T14:58:59.080Z | heartbeat: aruco_pose_streamer | buf=  7
2026-04-08T14:59:00.080Z | heartbeat: aruco_pose_streamer | buf=  8
2026-04-08T14:59:00.080Z | heartbeat: aruco_pose_streamer | buf=  8
2026-04-08T14:59:01.080Z | heartbeat: aruco_pose_streamer | buf=  9
2026-04-08T14:59:01.080Z | heartbeat: aruco_pose_streamer | buf=  9
2026-04-08T14:59:02.080Z | heartbeat: aruco_pose_streamer | buf= 10
2026-04-08T14:59:02.080Z | heartbeat: aruco_pose_streamer | buf= 10
2026-04-08T14:59:03.080Z | heartbeat: aruco_pose_streamer | buf= 11
2026-04-08T14:59:03.080Z | heartbeat: aruco_pose_streamer | buf= 11
2026-04-08T14:59:04.080Z | heartbeat: aruco_pose_streamer | buf= 12
2026-04-08T14:59:04.080Z | heartbeat: aruco_pose_streamer | buf= 12
2026-04-08T14:59:05.080Z | heartbeat: aruco_pose_streamer | buf= 13
2026-04-08T14:59:05.080Z | heartbeat: aruco_pose_streamer | buf= 13
2026-04-08T14:59:06.080Z | heartbeat: aruco_pose_streamer | buf= 14
2026-04-08T14:59:06.080Z | heartbeat: aruco_pose_streamer | buf= 14
2026-04-08T14:59:07.080Z | heartbeat: aruco_pose_streamer | buf= 15
2026-04-08T14:59:07.080Z | heartbeat: aruco_pose_streamer | buf= 15
2026-04-08T14:59:08.080Z | heartbeat: aruco_pose_streamer | buf= 16
2026-04-08T14:59:08.080Z | heartbeat: aruco_pose_streamer | buf= 16
2026-04-08T14:59:09.080Z | heartbeat: aruco_pose_streamer | buf= 17
2026-04-08T14:59:09.080Z | heartbeat: aruco_pose_streamer | buf= 17
2026-04-08T14:59:10.080Z | heartbeat: aruco_pose_streamer | buf= 18
2026-04-08T14:59:10.080Z | heartbeat: aruco_pose_streamer | buf= 18
2026-04-08T14:59:11.080Z | heartbeat: aruco_pose_streamer | buf= 19
2026-04-08T14:59:11.080Z | heartbeat: aruco_pose_streamer | buf= 19
2026-04-08T14:59:12.082Z | heartbeat: aruco_pose_streamer | buf= 20
2026-04-08T14:59:12.082Z | heartbeat: aruco_pose_streamer | buf= 20
2026-04-08T14:59:13.080Z | heartbeat: aruco_pose_streamer | buf= 21
2026-04-08T14:59:13.080Z | heartbeat: aruco_pose_streamer | buf= 21
2026-04-08T14:59:14.080Z | heartbeat: aruco_pose_streamer | buf= 22
2026-04-08T14:59:14.080Z | heartbeat: aruco_pose_streamer | buf= 22
2026-04-08T14:59:15.080Z | heartbeat: aruco_pose_streamer | buf= 23
2026-04-08T14:59:15.080Z | heartbeat: aruco_pose_streamer | buf= 23
2026-04-08T14:59:16.082Z | heartbeat: aruco_pose_streamer | buf= 24
2026-04-08T14:59:16.082Z | heartbeat: aruco_pose_streamer | buf= 24
2026-04-08T14:59:17.080Z | heartbeat: aruco_pose_streamer | buf= 25
2026-04-08T14:59:17.080Z | heartbeat: aruco_pose_streamer | buf= 25
2026-04-08T14:59:18.080Z | heartbeat: aruco_pose_streamer | buf= 26
2026-04-08T14:59:18.081Z | heartbeat: aruco_pose_streamer | buf= 26
2026-04-08T14:59:19.080Z | heartbeat: aruco_pose_streamer | buf= 27
2026-04-08T14:59:19.080Z | heartbeat: aruco_pose_streamer | buf= 27
2026-04-08T14:59:20.080Z | heartbeat: aruco_pose_streamer | buf= 28
2026-04-08T14:59:20.080Z | heartbeat: aruco_pose_streamer | buf= 28
2026-04-08T14:59:21.080Z | heartbeat: aruco_pose_streamer | buf= 29
2026-04-08T14:59:21.080Z | heartbeat: aruco_pose_streamer | buf= 29
2026-04-08T14:59:22.080Z | heartbeat: aruco_pose_streamer | buf= 30
2026-04-08T14:59:22.081Z | heartbeat: aruco_pose_streamer | buf= 30
2026-04-08T14:59:23.080Z | heartbeat: aruco_pose_streamer | buf= 31
2026-04-08T14:59:23.080Z | heartbeat: aruco_pose_streamer | buf= 31
2026-04-08T14:59:24.080Z | heartbeat: aruco_pose_streamer | buf= 32
2026-04-08T14:59:24.080Z | heartbeat: aruco_pose_streamer | buf= 32
2026-04-08T14:59:25.080Z | heartbeat: aruco_pose_streamer | buf= 33
2026-04-08T14:59:25.080Z | heartbeat: aruco_pose_streamer | buf= 33
2026-04-08T14:59:26.080Z | heartbeat: aruco_pose_streamer | buf= 34
2026-04-08T14:59:26.080Z | heartbeat: aruco_pose_streamer | buf= 34
2026-04-08T14:59:27.080Z | heartbeat: aruco_pose_streamer | buf= 35
2026-04-08T14:59:27.080Z | heartbeat: aruco_pose_streamer | buf= 35
2026-04-08T14:59:28.080Z | heartbeat: aruco_pose_streamer | buf= 36
2026-04-08T14:59:28.080Z | heartbeat: aruco_pose_streamer | buf= 36
2026-04-08T14:59:29.080Z | heartbeat: aruco_pose_streamer | buf= 37
2026-04-08T14:59:29.080Z | heartbeat: aruco_pose_streamer | buf= 37
2026-04-08T14:59:30.080Z | heartbeat: aruco_pose_streamer | buf= 38
2026-04-08T14:59:30.080Z | heartbeat: aruco_pose_streamer | buf= 38
2026-04-08T14:59:31.080Z | heartbeat: aruco_pose_streamer | buf= 39
2026-04-08T14:59:31.080Z | heartbeat: aruco_pose_streamer | buf= 39
2026-04-08T14:59:32.080Z | heartbeat: aruco_pose_streamer | buf= 40
2026-04-08T14:59:32.080Z | heartbeat: aruco_pose_streamer | buf= 40
2026-04-08T14:59:33.080Z | heartbeat: aruco_pose_streamer | buf= 41
2026-04-08T14:59:33.080Z | heartbeat: aruco_pose_streamer | buf= 41
2026-04-08T14:59:34.080Z | heartbeat: aruco_pose_streamer | buf= 42
2026-04-08T14:59:34.080Z | heartbeat: aruco_pose_streamer | buf= 42
2026-04-08T14:59:35.080Z | heartbeat: aruco_pose_streamer | buf= 43
2026-04-08T14:59:35.080Z | heartbeat: aruco_pose_streamer | buf= 43
2026-04-08T14:59:36.080Z | heartbeat: aruco_pose_streamer | buf= 44
2026-04-08T14:59:36.080Z | heartbeat: aruco_pose_streamer | buf= 44
2026-04-08T14:59:37.080Z | heartbeat: aruco_pose_streamer | buf= 45
2026-04-08T14:59:37.080Z | heartbeat: aruco_pose_streamer | buf= 45
2026-04-08T14:59:38.080Z | heartbeat: aruco_pose_streamer | buf= 46
2026-04-08T14:59:38.080Z | heartbeat: aruco_pose_streamer | buf= 46
2026-04-08T14:59:39.080Z | heartbeat: aruco_pose_streamer | buf= 47
2026-04-08T14:59:39.080Z | heartbeat: aruco_pose_streamer | buf= 47
2026-04-08T14:59:40.080Z | heartbeat: aruco_pose_streamer | buf= 48
2026-04-08T14:59:40.080Z | heartbeat: aruco_pose_streamer | buf= 48
2026-04-08T14:59:41.081Z | heartbeat: aruco_pose_streamer | buf= 49
2026-04-08T14:59:41.081Z | heartbeat: aruco_pose_streamer | buf= 49
2026-04-08T14:59:42.080Z | heartbeat: aruco_pose_streamer | buf= 50
2026-04-08T14:59:42.080Z | heartbeat: aruco_pose_streamer | buf= 50
2026-04-08T14:59:43.080Z | heartbeat: aruco_pose_streamer | buf= 51
2026-04-08T14:59:43.080Z | heartbeat: aruco_pose_streamer | buf= 51
2026-04-08T14:59:44.080Z | heartbeat: aruco_pose_streamer | buf= 52
2026-04-08T14:59:44.080Z | heartbeat: aruco_pose_streamer | buf= 52
2026-04-08T14:59:45.081Z | heartbeat: aruco_pose_streamer | buf= 53
2026-04-08T14:59:45.080Z | heartbeat: aruco_pose_streamer | buf= 53
2026-04-08T14:59:46.080Z | heartbeat: aruco_pose_streamer | buf= 54
2026-04-08T14:59:46.080Z | heartbeat: aruco_pose_streamer | buf= 54
2026-04-08T14:59:47.080Z | heartbeat: aruco_pose_streamer | buf= 55
2026-04-08T14:59:47.080Z | heartbeat: aruco_pose_streamer | buf= 55
2026-04-08T14:59:48.088Z | heartbeat: aruco_pose_streamer | buf= 56
2026-04-08T14:59:48.089Z | heartbeat: aruco_pose_streamer | buf= 56
2026-04-08T14:59:49.080Z | heartbeat: aruco_pose_streamer | buf= 57
2026-04-08T14:59:49.080Z | heartbeat: aruco_pose_streamer | buf= 57
2026-04-08T14:59:50.081Z | heartbeat: aruco_pose_streamer | buf= 58
2026-04-08T14:59:50.081Z | heartbeat: aruco_pose_streamer | buf= 58
2026-04-08T14:59:51.080Z | heartbeat: aruco_pose_streamer | buf= 59
2026-04-08T14:59:51.080Z | heartbeat: aruco_pose_streamer | buf= 59
2026-04-08T14:59:52.080Z | heartbeat: aruco_pose_streamer | buf= 60
2026-04-08T14:59:52.080Z | heartbeat: aruco_pose_streamer | buf= 60
2026-04-08T14:59:53.080Z | heartbeat: aruco_pose_streamer | buf= 61
2026-04-08T14:59:53.081Z | heartbeat: aruco_pose_streamer | buf= 61
2026-04-08T14:59:54.080Z | heartbeat: aruco_pose_streamer | buf= 62
2026-04-08T14:59:54.080Z | heartbeat: aruco_pose_streamer | buf= 62
2026-04-08T14:59:55.080Z | heartbeat: aruco_pose_streamer | buf= 63
2026-04-08T14:59:55.080Z | heartbeat: aruco_pose_streamer | buf= 63
2026-04-08T14:59:56.080Z | heartbeat: aruco_pose_streamer | buf= 64
2026-04-08T14:59:56.080Z | heartbeat: aruco_pose_streamer | buf= 64
2026-04-08T14:59:57.080Z | heartbeat: aruco_pose_streamer | buf= 65
2026-04-08T14:59:57.080Z | heartbeat: aruco_pose_streamer | buf= 65
2026-04-08T14:59:58.080Z | heartbeat: aruco_pose_streamer | buf= 66
2026-04-08T14:59:58.080Z | heartbeat: aruco_pose_streamer | buf= 66
2026-04-08T14:59:59.080Z | heartbeat: aruco_pose_streamer | buf= 67
2026-04-08T14:59:59.080Z | heartbeat: aruco_pose_streamer | buf= 67
2026-04-08T15:00:00.080Z | heartbeat: aruco_pose_streamer | buf= 68
2026-04-08T15:00:00.080Z | heartbeat: aruco_pose_streamer | buf= 68
2026-04-08T15:00:01.080Z | heartbeat: aruco_pose_streamer | buf= 69
2026-04-08T15:00:01.080Z | heartbeat: aruco_pose_streamer | buf= 69
2026-04-08T15:00:02.080Z | heartbeat: aruco_pose_streamer | buf= 70
2026-04-08T15:00:02.080Z | heartbeat: aruco_pose_streamer | buf= 70
2026-04-08T15:00:03.081Z | heartbeat: aruco_pose_streamer | buf= 71
2026-04-08T15:00:03.081Z | heartbeat: aruco_pose_streamer | buf= 71
2026-04-08T15:00:04.080Z | heartbeat: aruco_pose_streamer | buf= 72
2026-04-08T15:00:04.080Z | heartbeat: aruco_pose_streamer | buf= 72
2026-04-08T15:00:05.080Z | heartbeat: aruco_pose_streamer | buf= 73
2026-04-08T15:00:05.081Z | heartbeat: aruco_pose_streamer | buf= 73
2026-04-08T15:00:06.080Z | heartbeat: aruco_pose_streamer | buf= 74
2026-04-08T15:00:06.080Z | heartbeat: aruco_pose_streamer | buf= 74
2026-04-08T15:00:07.080Z | heartbeat: aruco_pose_streamer | buf= 75
2026-04-08T15:00:07.081Z | heartbeat: aruco_pose_streamer | buf= 75
2026-04-08T15:00:08.082Z | heartbeat: aruco_pose_streamer | buf= 76
2026-04-08T15:00:08.083Z | heartbeat: aruco_pose_streamer | buf= 76
2026-04-08T15:00:09.080Z | heartbeat: aruco_pose_streamer | buf= 77
2026-04-08T15:00:09.080Z | heartbeat: aruco_pose_streamer | buf= 77
2026-04-08T15:00:10.080Z | heartbeat: aruco_pose_streamer | buf= 78
2026-04-08T15:00:10.080Z | heartbeat: aruco_pose_streamer | buf= 78
2026-04-08T15:00:11.080Z | heartbeat: aruco_pose_streamer | buf= 79
2026-04-08T15:00:11.080Z | heartbeat: aruco_pose_streamer | buf= 79
2026-04-08T15:00:12.080Z | heartbeat: aruco_pose_streamer | buf= 80
2026-04-08T15:00:12.080Z | heartbeat: aruco_pose_streamer | buf= 80
2026-04-08T15:00:13.081Z | heartbeat: aruco_pose_streamer | buf= 81
2026-04-08T15:00:13.082Z | heartbeat: aruco_pose_streamer | buf= 81
2026-04-08T15:00:14.080Z | heartbeat: aruco_pose_streamer | buf= 82
2026-04-08T15:00:14.080Z | heartbeat: aruco_pose_streamer | buf= 82
2026-04-08T15:00:15.081Z | heartbeat: aruco_pose_streamer | buf= 83
2026-04-08T15:00:15.081Z | heartbeat: aruco_pose_streamer | buf= 83
2026-04-08T15:00:16.080Z | heartbeat: aruco_pose_streamer | buf= 84
2026-04-08T15:00:16.080Z | heartbeat: aruco_pose_streamer | buf= 84
2026-04-08T15:00:17.080Z | heartbeat: aruco_pose_streamer | buf= 85
2026-04-08T15:00:17.080Z | heartbeat: aruco_pose_streamer | buf= 85
2026-04-08T15:00:18.080Z | heartbeat: aruco_pose_streamer | buf= 86
2026-04-08T15:00:18.080Z | heartbeat: aruco_pose_streamer | buf= 86
2026-04-08T15:00:19.080Z | heartbeat: aruco_pose_streamer | buf= 87
2026-04-08T15:00:19.080Z | heartbeat: aruco_pose_streamer | buf= 87
2026-04-08T15:00:20.080Z | heartbeat: aruco_pose_streamer | buf= 88
2026-04-08T15:00:20.080Z | heartbeat: aruco_pose_streamer | buf= 88
2026-04-08T15:00:21.080Z | heartbeat: aruco_pose_streamer | buf= 89
2026-04-08T15:00:21.081Z | heartbeat: aruco_pose_streamer | buf= 89
2026-04-08T15:00:22.080Z | heartbeat: aruco_pose_streamer | buf= 90
2026-04-08T15:00:22.081Z | heartbeat: aruco_pose_streamer | buf= 90
2026-04-08T15:00:23.080Z | heartbeat: aruco_pose_streamer | buf= 91
2026-04-08T15:00:23.080Z | heartbeat: aruco_pose_streamer | buf= 91
2026-04-08T15:00:24.083Z | heartbeat: aruco_pose_streamer | buf= 92
2026-04-08T15:00:24.083Z | heartbeat: aruco_pose_streamer | buf= 92
2026-04-08T15:00:25.080Z | heartbeat: aruco_pose_streamer | buf= 93
2026-04-08T15:00:25.080Z | heartbeat: aruco_pose_streamer | buf= 93
2026-04-08T15:00:26.080Z | heartbeat: aruco_pose_streamer | buf= 94
2026-04-08T15:00:26.080Z | heartbeat: aruco_pose_streamer | buf= 94
2026-04-08T15:00:27.080Z | heartbeat: aruco_pose_streamer | buf= 95
2026-04-08T15:00:27.080Z | heartbeat: aruco_pose_streamer | buf= 95
2026-04-08T15:00:28.080Z | heartbeat: aruco_pose_streamer | buf= 96
2026-04-08T15:00:28.080Z | heartbeat: aruco_pose_streamer | buf= 96
2026-04-08T15:00:29.080Z | heartbeat: aruco_pose_streamer | buf= 97
2026-04-08T15:00:29.080Z | heartbeat: aruco_pose_streamer | buf= 97
2026-04-08T15:00:30.080Z | heartbeat: aruco_pose_streamer | buf= 98
2026-04-08T15:00:30.080Z | heartbeat: aruco_pose_streamer | buf= 98
2026-04-08T15:00:31.083Z | heartbeat: aruco_pose_streamer | buf= 99
2026-04-08T15:00:31.083Z | heartbeat: aruco_pose_streamer | buf= 99
2026-04-08T15:00:32.080Z | heartbeat: aruco_pose_streamer | buf=100
2026-04-08T15:00:32.080Z | heartbeat: aruco_pose_streamer | buf=100
2026-04-08T15:00:33.080Z | heartbeat: aruco_pose_streamer | buf= 91
2026-04-08T15:00:33.081Z | heartbeat: aruco_pose_streamer | buf= 91
2026-04-08T15:00:34.080Z | heartbeat: aruco_pose_streamer | buf= 92
2026-04-08T15:00:34.080Z | heartbeat: aruco_pose_streamer | buf= 92
2026-04-08T15:00:35.080Z | heartbeat: aruco_pose_streamer | buf= 93
2026-04-08T15:00:35.080Z | heartbeat: aruco_pose_streamer | buf= 93
2026-04-08T15:00:36.080Z | heartbeat: aruco_pose_streamer | buf= 94
2026-04-08T15:00:36.080Z | heartbeat: aruco_pose_streamer | buf= 94
2026-04-08T15:00:37.080Z | heartbeat: aruco_pose_streamer | buf= 95
2026-04-08T15:00:37.080Z | heartbeat: aruco_pose_streamer | buf= 95
2026-04-08T15:00:38.080Z | heartbeat: aruco_pose_streamer | buf= 96
2026-04-08T15:00:38.080Z | heartbeat: aruco_pose_streamer | buf= 96
2026-04-08T15:00:39.080Z | heartbeat: aruco_pose_streamer | buf= 97
2026-04-08T15:00:39.080Z | heartbeat: aruco_pose_streamer | buf= 97
2026-04-08T15:00:40.080Z | heartbeat: aruco_pose_streamer | buf= 98
2026-04-08T15:00:40.080Z | heartbeat: aruco_pose_streamer | buf= 98
2026-04-08T15:00:41.080Z | heartbeat: aruco_pose_streamer | buf= 99
2026-04-08T15:00:41.080Z | heartbeat: aruco_pose_streamer | buf= 99
2026-04-08T15:00:42.080Z | heartbeat: aruco_pose_streamer | buf=100
2026-04-08T15:00:42.080Z | heartbeat: aruco_pose_streamer | buf=100
2026-04-08T15:00:43.080Z | heartbeat: aruco_pose_streamer | buf= 91
2026-04-08T15:00:43.080Z | heartbeat: aruco_pose_streamer | buf= 91
2026-04-08T15:00:44.080Z | heartbeat: aruco_pose_streamer | buf= 92
2026-04-08T15:00:44.080Z | heartbeat: aruco_pose_streamer | buf= 92
2026-04-08T15:00:45.080Z | heartbeat: aruco_pose_streamer | buf= 93
2026-04-08T15:00:45.080Z | heartbeat: aruco_pose_streamer | buf= 93
2026-04-08T15:00:46.080Z | heartbeat: aruco_pose_streamer | buf= 94
2026-04-08T15:00:46.080Z | heartbeat: aruco_pose_streamer | buf= 94
2026-04-08T15:00:47.080Z | heartbeat: aruco_pose_streamer | buf= 95
2026-04-08T15:00:47.080Z | heartbeat: aruco_pose_streamer | buf= 95
2026-04-08T15:00:48.080Z | heartbeat: aruco_pose_streamer | buf= 96
2026-04-08T15:00:48.080Z | heartbeat: aruco_pose_streamer | buf= 96
2026-04-08T15:00:49.080Z | heartbeat: aruco_pose_streamer | buf= 97
2026-04-08T15:00:49.080Z | heartbeat: aruco_pose_streamer | buf= 97
2026-04-08T15:00:50.080Z | heartbeat: aruco_pose_streamer | buf= 98
2026-04-08T15:00:50.080Z | heartbeat: aruco_pose_streamer | buf= 98
2026-04-08T15:00:51.080Z | heartbeat: aruco_pose_streamer | buf= 99
2026-04-08T15:00:51.080Z | heartbeat: aruco_pose_streamer | buf= 99
2026-04-08T15:00:52.080Z | heartbeat: aruco_pose_streamer | buf=100
2026-04-08T15:00:52.080Z | heartbeat: aruco_pose_streamer | buf=100
2026-04-08T15:00:53.080Z | heartbeat: aruco_pose_streamer | buf= 91
2026-04-08T15:00:53.080Z | heartbeat: aruco_pose_streamer | buf= 91
2026-04-08T15:00:54.081Z | heartbeat: aruco_pose_streamer | buf= 92
2026-04-08T15:00:54.081Z | heartbeat: aruco_pose_streamer | buf= 92
2026-04-08T15:00:55.080Z | heartbeat: aruco_pose_streamer | buf= 93
2026-04-08T15:00:55.080Z | heartbeat: aruco_pose_streamer | buf= 93
2026-04-08T15:00:56.080Z | heartbeat: aruco_pose_streamer | buf= 94
2026-04-08T15:00:56.080Z | heartbeat: aruco_pose_streamer | buf= 94
2026-04-08T15:00:57.080Z | heartbeat: aruco_pose_streamer | buf= 95
2026-04-08T15:00:57.080Z | heartbeat: aruco_pose_streamer | buf= 95
2026-04-08T15:00:58.080Z | heartbeat: aruco_pose_streamer | buf= 96
2026-04-08T15:00:58.080Z | heartbeat: aruco_pose_streamer | buf= 96
2026-04-08T15:00:59.080Z | heartbeat: aruco_pose_streamer | buf= 97
2026-04-08T15:00:59.080Z | heartbeat: aruco_pose_streamer | buf= 97
2026-04-08T15:01:00.080Z | heartbeat: aruco_pose_streamer | buf= 98
2026-04-08T15:01:00.080Z | heartbeat: aruco_pose_streamer | buf= 98
2026-04-08T15:01:01.080Z | heartbeat: aruco_pose_streamer | buf= 99
2026-04-08T15:01:01.080Z | heartbeat: aruco_pose_streamer | buf= 99
2026-04-08T15:01:02.080Z | heartbeat: aruco_pose_streamer | buf=100
2026-04-08T15:01:02.080Z | heartbeat: aruco_pose_streamer | buf=100
2026-04-08T15:01:03.080Z | heartbeat: aruco_pose_streamer | buf= 91
2026-04-08T15:01:03.080Z | heartbeat: aruco_pose_streamer | buf= 91
2026-04-08T15:01:04.080Z | heartbeat: aruco_pose_streamer | buf= 92
2026-04-08T15:01:04.080Z | heartbeat: aruco_pose_streamer | buf= 92
2026-04-08T15:01:05.080Z | heartbeat: aruco_pose_streamer | buf= 93
2026-04-08T15:01:05.080Z | heartbeat: aruco_pose_streamer | buf= 93
2026-04-08T15:01:06.080Z | heartbeat: aruco_pose_streamer | buf= 94
2026-04-08T15:01:06.080Z | heartbeat: aruco_pose_streamer | buf= 94
2026-04-08T15:01:07.084Z | heartbeat: aruco_pose_streamer | buf= 95
2026-04-08T15:01:07.085Z | heartbeat: aruco_pose_streamer | buf= 95
2026-04-08T15:01:08.080Z | heartbeat: aruco_pose_streamer | buf= 96
2026-04-08T15:01:08.081Z | heartbeat: aruco_pose_streamer | buf= 96
2026-04-08T15:01:09.080Z | heartbeat: aruco_pose_streamer | buf= 97
2026-04-08T15:01:09.080Z | heartbeat: aruco_pose_streamer | buf= 97
2026-04-08T15:01:10.080Z | heartbeat: aruco_pose_streamer | buf= 98
2026-04-08T15:01:10.080Z | heartbeat: aruco_pose_streamer | buf= 98
2026-04-08T15:01:11.080Z | heartbeat: aruco_pose_streamer | buf= 99
2026-04-08T15:01:11.081Z | heartbeat: aruco_pose_streamer | buf= 99
2026-04-08T15:01:12.082Z | heartbeat: aruco_pose_streamer | buf=100
2026-04-08T15:01:12.082Z | heartbeat: aruco_pose_streamer | buf=100
2026-04-08T15:01:13.082Z | heartbeat: aruco_pose_streamer | buf= 91
2026-04-08T15:01:13.084Z | heartbeat: aruco_pose_streamer | buf= 91
2026-04-08T15:01:14.080Z | heartbeat: aruco_pose_streamer | buf= 92
2026-04-08T15:01:14.080Z | heartbeat: aruco_pose_streamer | buf= 92
2026-04-08T15:01:15.080Z | heartbeat: aruco_pose_streamer | buf= 93
2026-04-08T15:01:15.080Z | heartbeat: aruco_pose_streamer | buf= 93
2026-04-08T15:01:16.080Z | heartbeat: aruco_pose_streamer | buf= 94
2026-04-08T15:01:16.080Z | heartbeat: aruco_pose_streamer | buf= 94
2026-04-08T15:01:17.083Z | heartbeat: aruco_pose_streamer | buf= 95
2026-04-08T15:01:17.083Z | heartbeat: aruco_pose_streamer | buf= 95
2026-04-08T15:01:18.080Z | heartbeat: aruco_pose_streamer | buf= 96
2026-04-08T15:01:18.080Z | heartbeat: aruco_pose_streamer | buf= 96
2026-04-08T15:01:19.080Z | heartbeat: aruco_pose_streamer | buf= 97
2026-04-08T15:01:19.080Z | heartbeat: aruco_pose_streamer | buf= 97
2026-04-08T15:01:20.080Z | heartbeat: aruco_pose_streamer | buf= 98
2026-04-08T15:01:20.080Z | heartbeat: aruco_pose_streamer | buf= 98
2026-04-08T15:01:21.080Z | heartbeat: aruco_pose_streamer | buf= 99
2026-04-08T15:01:21.082Z | heartbeat: aruco_pose_streamer | buf= 99
2026-04-08T15:01:22.080Z | heartbeat: aruco_pose_streamer | buf=100
2026-04-08T15:01:22.080Z | heartbeat: aruco_pose_streamer | buf=100
2026-04-08T15:01:23.080Z | heartbeat: aruco_pose_streamer | buf= 91
2026-04-08T15:01:23.080Z | heartbeat: aruco_pose_streamer | buf= 91
2026-04-08T15:01:24.080Z | heartbeat: aruco_pose_streamer | buf= 92
2026-04-08T15:01:24.080Z | heartbeat: aruco_pose_streamer | buf= 92
2026-04-08T15:01:25.080Z | heartbeat: aruco_pose_streamer | buf= 93
2026-04-08T15:01:25.080Z | heartbeat: aruco_pose_streamer | buf= 93
2026-04-08T15:01:26.080Z | heartbeat: aruco_pose_streamer | buf= 94
2026-04-08T15:01:26.080Z | heartbeat: aruco_pose_streamer | buf= 94
2026-04-08T15:01:27.080Z | heartbeat: aruco_pose_streamer | buf= 95
2026-04-08T15:01:27.080Z | heartbeat: aruco_pose_streamer | buf= 95
2026-04-08T15:01:28.080Z | heartbeat: aruco_pose_streamer | buf= 96
2026-04-08T15:01:28.080Z | heartbeat: aruco_pose_streamer | buf= 96
2026-04-08T15:01:29.080Z | heartbeat: aruco_pose_streamer | buf= 97
2026-04-08T15:01:29.080Z | heartbeat: aruco_pose_streamer | buf= 97
2026-04-08T15:01:30.080Z | heartbeat: aruco_pose_streamer | buf= 98
2026-04-08T15:01:30.080Z | heartbeat: aruco_pose_streamer | buf= 98
2026-04-08T15:01:31.080Z | heartbeat: aruco_pose_streamer | buf= 99
2026-04-08T15:01:31.080Z | heartbeat: aruco_pose_streamer | buf= 99
2026-04-08T15:01:32.080Z | heartbeat: aruco_pose_streamer | buf=100
2026-04-08T15:01:32.080Z | heartbeat: aruco_pose_streamer | buf=100
2026-04-08T15:01:33.081Z | heartbeat: aruco_pose_streamer | buf= 91
2026-04-08T15:01:33.081Z | heartbeat: aruco_pose_streamer | buf= 91
2026-04-08T15:01:34.080Z | heartbeat: aruco_pose_streamer | buf= 92
2026-04-08T15:01:34.080Z | heartbeat: aruco_pose_streamer | buf= 92
2026-04-08T15:01:35.080Z | heartbeat: aruco_pose_streamer | buf= 93
2026-04-08T15:01:35.080Z | heartbeat: aruco_pose_streamer | buf= 93
2026-04-08T15:01:36.080Z | heartbeat: aruco_pose_streamer | buf= 94
2026-04-08T15:01:36.080Z | heartbeat: aruco_pose_streamer | buf= 94
2026-04-08T15:01:37.080Z | heartbeat: aruco_pose_streamer | buf= 95
2026-04-08T15:01:37.080Z | heartbeat: aruco_pose_streamer | buf= 95
2026-04-08T15:01:38.080Z | heartbeat: aruco_pose_streamer | buf= 96
2026-04-08T15:01:38.080Z | heartbeat: aruco_pose_streamer | buf= 96
2026-04-08T15:01:39.080Z | heartbeat: aruco_pose_streamer | buf= 97
2026-04-08T15:01:39.080Z | heartbeat: aruco_pose_streamer | buf= 97
2026-04-08T15:01:40.080Z | heartbeat: aruco_pose_streamer | buf= 98
2026-04-08T15:01:40.080Z | heartbeat: aruco_pose_streamer | buf= 98
2026-04-08T15:01:41.080Z | heartbeat: aruco_pose_streamer | buf= 99
2026-04-08T15:01:41.080Z | heartbeat: aruco_pose_streamer | buf= 99
2026-04-08T15:01:42.084Z | heartbeat: aruco_pose_streamer | buf=100
2026-04-08T15:01:42.084Z | heartbeat: aruco_pose_streamer | buf=100
2026-04-08T15:01:43.082Z | heartbeat: aruco_pose_streamer | buf= 91
2026-04-08T15:01:43.083Z | heartbeat: aruco_pose_streamer | buf= 91
2026-04-08T15:01:44.080Z | heartbeat: aruco_pose_streamer | buf= 92
2026-04-08T15:01:44.080Z | heartbeat: aruco_pose_streamer | buf= 92
2026-04-08T15:01:45.080Z | heartbeat: aruco_pose_streamer | buf= 93
2026-04-08T15:01:45.080Z | heartbeat: aruco_pose_streamer | buf= 93
2026-04-08T15:01:46.080Z | heartbeat: aruco_pose_streamer | buf= 94
2026-04-08T15:01:46.080Z | heartbeat: aruco_pose_streamer | buf= 94
2026-04-08T15:01:47.080Z | heartbeat: aruco_pose_streamer | buf= 95
2026-04-08T15:01:47.080Z | heartbeat: aruco_pose_streamer | buf= 95
2026-04-08T15:01:48.080Z | heartbeat: aruco_pose_streamer | buf= 96
2026-04-08T15:01:48.080Z | heartbeat: aruco_pose_streamer | buf= 96
2026-04-08T15:01:49.080Z | heartbeat: aruco_pose_streamer | buf= 97
2026-04-08T15:01:49.080Z | heartbeat: aruco_pose_streamer | buf= 97
2026-04-08T15:01:50.080Z | heartbeat: aruco_pose_streamer | buf= 98
2026-04-08T15:01:50.081Z | heartbeat: aruco_pose_streamer | buf= 98
2026-04-08T15:01:51.081Z | heartbeat: aruco_pose_streamer | buf= 99
2026-04-08T15:01:51.081Z | heartbeat: aruco_pose_streamer | buf= 99
2026-04-08T15:01:52.080Z | heartbeat: aruco_pose_streamer | buf=100
2026-04-08T15:01:52.080Z | heartbeat: aruco_pose_streamer | buf=100
2026-04-08T15:01:53.080Z | heartbeat: aruco_pose_streamer | buf= 91
2026-04-08T15:01:53.080Z | heartbeat: aruco_pose_streamer | buf= 91
2026-04-08T15:01:54.080Z | heartbeat: aruco_pose_streamer | buf= 92
2026-04-08T15:01:54.080Z | heartbeat: aruco_pose_streamer | buf= 92
2026-04-08T15:01:55.081Z | heartbeat: aruco_pose_streamer | buf= 93
2026-04-08T15:01:55.081Z | heartbeat: aruco_pose_streamer | buf= 93
2026-04-08T15:01:56.080Z | heartbeat: aruco_pose_streamer | buf= 94
2026-04-08T15:01:56.080Z | heartbeat: aruco_pose_streamer | buf= 94
2026-04-08T15:01:57.080Z | heartbeat: aruco_pose_streamer | buf= 95
2026-04-08T15:01:57.080Z | heartbeat: aruco_pose_streamer | buf= 95
2026-04-08T15:01:58.080Z | heartbeat: aruco_pose_streamer | buf= 96
2026-04-08T15:01:58.080Z | heartbeat: aruco_pose_streamer | buf= 96
2026-04-08T15:01:59.080Z | heartbeat: aruco_pose_streamer | buf= 97
2026-04-08T15:01:59.080Z | heartbeat: aruco_pose_streamer | buf= 97
2026-04-08T15:02:00.080Z | heartbeat: aruco_pose_streamer | buf= 98
2026-04-08T15:02:00.080Z | heartbeat: aruco_pose_streamer | buf= 98
2026-04-08T15:02:01.080Z | heartbeat: aruco_pose_streamer | buf= 99
2026-04-08T15:02:01.080Z | heartbeat: aruco_pose_streamer | buf= 99
2026-04-08T15:02:02.080Z | heartbeat: aruco_pose_streamer | buf=100
2026-04-08T15:02:02.080Z | heartbeat: aruco_pose_streamer | buf=100
2026-04-08T15:02:03.080Z | heartbeat: aruco_pose_streamer | buf= 91
2026-04-08T15:02:03.080Z | heartbeat: aruco_pose_streamer | buf= 91
2026-04-08T15:02:04.080Z | heartbeat: aruco_pose_streamer | buf= 92
2026-04-08T15:02:04.080Z | heartbeat: aruco_pose_streamer | buf= 92
2026-04-08T15:02:05.082Z | heartbeat: aruco_pose_streamer | buf= 93
2026-04-08T15:02:05.082Z | heartbeat: aruco_pose_streamer | buf= 93
2026-04-08T15:02:06.080Z | heartbeat: aruco_pose_streamer | buf= 94
2026-04-08T15:02:06.080Z | heartbeat: aruco_pose_streamer | buf= 94
2026-04-08T15:02:07.080Z | heartbeat: aruco_pose_streamer | buf= 95
2026-04-08T15:02:07.080Z | heartbeat: aruco_pose_streamer | buf= 95
2026-04-08T15:02:08.080Z | heartbeat: aruco_pose_streamer | buf= 96
2026-04-08T15:02:08.080Z | heartbeat: aruco_pose_streamer | buf= 96
2026-04-08T15:02:09.080Z | heartbeat: aruco_pose_streamer | buf= 97
2026-04-08T15:02:09.080Z | heartbeat: aruco_pose_streamer | buf= 97
2026-04-08T15:02:10.080Z | heartbeat: aruco_pose_streamer | buf= 98
2026-04-08T15:02:10.080Z | heartbeat: aruco_pose_streamer | buf= 98
2026-04-08T15:02:11.080Z | heartbeat: aruco_pose_streamer | buf= 99
2026-04-08T15:02:11.080Z | heartbeat: aruco_pose_streamer | buf= 99
2026-04-08T15:02:12.082Z | heartbeat: aruco_pose_streamer | buf=100
2026-04-08T15:02:12.082Z | heartbeat: aruco_pose_streamer | buf=100
2026-04-08T15:02:13.080Z | heartbeat: aruco_pose_streamer | buf= 91
2026-04-08T15:02:13.080Z | heartbeat: aruco_pose_streamer | buf= 91
2026-04-08T15:02:14.080Z | heartbeat: aruco_pose_streamer | buf= 92
2026-04-08T15:02:14.080Z | heartbeat: aruco_pose_streamer | buf= 92
2026-04-08T15:02:15.080Z | heartbeat: aruco_pose_streamer | buf= 93
2026-04-08T15:02:15.080Z | heartbeat: aruco_pose_streamer | buf= 93
2026-04-08T15:02:16.083Z | heartbeat: aruco_pose_streamer | buf= 94
2026-04-08T15:02:16.083Z | heartbeat: aruco_pose_streamer | buf= 94
2026-04-08T15:02:17.080Z | heartbeat: aruco_pose_streamer | buf= 95
2026-04-08T15:02:17.080Z | heartbeat: aruco_pose_streamer | buf= 95
2026-04-08T15:02:18.080Z | heartbeat: aruco_pose_streamer | buf= 96
2026-04-08T15:02:18.080Z | heartbeat: aruco_pose_streamer | buf= 96
2026-04-08T15:02:19.082Z | heartbeat: aruco_pose_streamer | buf= 97
2026-04-08T15:02:19.082Z | heartbeat: aruco_pose_streamer | buf= 97
2026-04-08T15:02:20.080Z | heartbeat: aruco_pose_streamer | buf= 98
2026-04-08T15:02:20.080Z | heartbeat: aruco_pose_streamer | buf= 98
2026-04-08T15:02:21.080Z | heartbeat: aruco_pose_streamer | buf= 99
2026-04-08T15:02:21.080Z | heartbeat: aruco_pose_streamer | buf= 99
2026-04-08T15:02:22.080Z | heartbeat: aruco_pose_streamer | buf=100
2026-04-08T15:02:22.081Z | heartbeat: aruco_pose_streamer | buf=100
2026-04-08T15:02:23.080Z | heartbeat: aruco_pose_streamer | buf= 91
2026-04-08T15:02:23.080Z | heartbeat: aruco_pose_streamer | buf= 91
2026-04-08T15:02:24.081Z | heartbeat: aruco_pose_streamer | buf= 92
2026-04-08T15:02:24.081Z | heartbeat: aruco_pose_streamer | buf= 92
2026-04-08T15:02:25.080Z | heartbeat: aruco_pose_streamer | buf= 93
2026-04-08T15:02:25.080Z | heartbeat: aruco_pose_streamer | buf= 93
2026-04-08T15:02:26.080Z | heartbeat: aruco_pose_streamer | buf= 94
2026-04-08T15:02:26.080Z | heartbeat: aruco_pose_streamer | buf= 94
2026-04-08T15:02:27.080Z | heartbeat: aruco_pose_streamer | buf= 95
2026-04-08T15:02:27.080Z | heartbeat: aruco_pose_streamer | buf= 95
2026-04-08T15:02:28.080Z | heartbeat: aruco_pose_streamer | buf= 96
2026-04-08T15:02:28.081Z | heartbeat: aruco_pose_streamer | buf= 96
2026-04-08T15:02:29.080Z | heartbeat: aruco_pose_streamer | buf= 97
2026-04-08T15:02:29.080Z | heartbeat: aruco_pose_streamer | buf= 97
2026-04-08T15:02:30.080Z | heartbeat: aruco_pose_streamer | buf= 98
2026-04-08T15:02:30.080Z | heartbeat: aruco_pose_streamer | buf= 98
2026-04-08T15:02:31.080Z | heartbeat: aruco_pose_streamer | buf= 99
2026-04-08T15:02:31.080Z | heartbeat: aruco_pose_streamer | buf= 99
2026-04-08T15:02:32.080Z | heartbeat: aruco_pose_streamer | buf=100
2026-04-08T15:02:32.080Z | heartbeat: aruco_pose_streamer | buf=100
2026-04-08T15:02:33.080Z | heartbeat: aruco_pose_streamer | buf= 91
2026-04-08T15:02:33.080Z | heartbeat: aruco_pose_streamer | buf= 91
2026-04-08T15:02:34.080Z | heartbeat: aruco_pose_streamer | buf= 92
2026-04-08T15:02:34.080Z | heartbeat: aruco_pose_streamer | buf= 92
2026-04-08T15:02:35.080Z | heartbeat: aruco_pose_streamer | buf= 93
2026-04-08T15:02:35.080Z | heartbeat: aruco_pose_streamer | buf= 93
2026-04-08T15:02:36.080Z | heartbeat: aruco_pose_streamer | buf= 94
2026-04-08T15:02:36.080Z | heartbeat: aruco_pose_streamer | buf= 94
2026-04-08T15:02:37.080Z | heartbeat: aruco_pose_streamer | buf= 95
2026-04-08T15:02:37.080Z | heartbeat: aruco_pose_streamer | buf= 95
2026-04-08T15:02:38.080Z | heartbeat: aruco_pose_streamer | buf= 96
2026-04-08T15:02:38.080Z | heartbeat: aruco_pose_streamer | buf= 96
2026-04-08T15:02:39.081Z | heartbeat: aruco_pose_streamer | buf= 97
2026-04-08T15:02:39.081Z | heartbeat: aruco_pose_streamer | buf= 97
2026-04-08T15:02:40.080Z | heartbeat: aruco_pose_streamer | buf= 98
2026-04-08T15:02:40.080Z | heartbeat: aruco_pose_streamer | buf= 98
2026-04-08T15:02:41.080Z | heartbeat: aruco_pose_streamer | buf= 99
2026-04-08T15:02:41.080Z | heartbeat: aruco_pose_streamer | buf= 99
2026-04-08T15:02:42.080Z | heartbeat: aruco_pose_streamer | buf=100
2026-04-08T15:02:42.080Z | heartbeat: aruco_pose_streamer | buf=100
2026-04-08T15:02:43.080Z | heartbeat: aruco_pose_streamer | buf= 91
2026-04-08T15:02:43.080Z | heartbeat: aruco_pose_streamer | buf= 91
2026-04-08T15:02:44.080Z | heartbeat: aruco_pose_streamer | buf= 92
2026-04-08T15:02:44.080Z | heartbeat: aruco_pose_streamer | buf= 92
2026-04-08T15:02:45.080Z | heartbeat: aruco_pose_streamer | buf= 93
2026-04-08T15:02:45.080Z | heartbeat: aruco_pose_streamer | buf= 93
2026-04-08T15:02:46.080Z | heartbeat: aruco_pose_streamer | buf= 94
2026-04-08T15:02:46.080Z | heartbeat: aruco_pose_streamer | buf= 94
2026-04-08T15:02:47.080Z | heartbeat: aruco_pose_streamer | buf= 95
2026-04-08T15:02:47.080Z | heartbeat: aruco_pose_streamer | buf= 95
2026-04-08T15:02:48.080Z | heartbeat: aruco_pose_streamer | buf= 96
2026-04-08T15:02:48.080Z | heartbeat: aruco_pose_streamer | buf= 96
2026-04-08T15:02:49.080Z | heartbeat: aruco_pose_streamer | buf= 97
2026-04-08T15:02:49.080Z | heartbeat: aruco_pose_streamer | buf= 97
2026-04-08T15:02:50.080Z | heartbeat: aruco_pose_streamer | buf= 98
2026-04-08T15:02:50.080Z | heartbeat: aruco_pose_streamer | buf= 98
2026-04-08T15:02:51.080Z | heartbeat: aruco_pose_streamer | buf= 99
2026-04-08T15:02:51.080Z | heartbeat: aruco_pose_streamer | buf= 99
2026-04-08T15:02:52.080Z | heartbeat: aruco_pose_streamer | buf=100
2026-04-08T15:02:52.080Z | heartbeat: aruco_pose_streamer | buf=100
2026-04-08T15:02:53.081Z | heartbeat: aruco_pose_streamer | buf= 91
2026-04-08T15:02:53.081Z | heartbeat: aruco_pose_streamer | buf= 91
2026-04-08T15:02:54.080Z | heartbeat: aruco_pose_streamer | buf= 92
2026-04-08T15:02:54.081Z | heartbeat: aruco_pose_streamer | buf= 92
2026-04-08T15:02:55.080Z | heartbeat: aruco_pose_streamer | buf= 93
2026-04-08T15:02:55.080Z | heartbeat: aruco_pose_streamer | buf= 93
2026-04-08T15:02:56.080Z | heartbeat: aruco_pose_streamer | buf= 94
2026-04-08T15:02:56.080Z | heartbeat: aruco_pose_streamer | buf= 94
2026-04-08T15:02:57.080Z | heartbeat: aruco_pose_streamer | buf= 95
2026-04-08T15:02:57.080Z | heartbeat: aruco_pose_streamer | buf= 95
2026-04-08T15:02:58.080Z | heartbeat: aruco_pose_streamer | buf= 96
2026-04-08T15:02:58.080Z | heartbeat: aruco_pose_streamer | buf= 96
2026-04-08T15:02:59.080Z | heartbeat: aruco_pose_streamer | buf= 97
2026-04-08T15:02:59.080Z | heartbeat: aruco_pose_streamer | buf= 97
2026-04-08T15:03:00.080Z | heartbeat: aruco_pose_streamer | buf= 98
2026-04-08T15:03:00.080Z | heartbeat: aruco_pose_streamer | buf= 98
2026-04-08T15:03:01.080Z | heartbeat: aruco_pose_streamer | buf= 99
2026-04-08T15:03:01.080Z | heartbeat: aruco_pose_streamer | buf= 99
2026-04-08T15:03:02.080Z | heartbeat: aruco_pose_streamer | buf=100
2026-04-08T15:03:02.081Z | heartbeat: aruco_pose_streamer | buf=100
2026-04-08T15:03:03.080Z | heartbeat: aruco_pose_streamer | buf= 91
2026-04-08T15:03:03.080Z | heartbeat: aruco_pose_streamer | buf= 91
2026-04-08T15:03:04.080Z | heartbeat: aruco_pose_streamer | buf= 92
2026-04-08T15:03:04.080Z | heartbeat: aruco_pose_streamer | buf= 92
2026-04-08T15:03:05.080Z | heartbeat: aruco_pose_streamer | buf= 93
2026-04-08T15:03:05.080Z | heartbeat: aruco_pose_streamer | buf= 93
2026-04-08T15:03:06.080Z | heartbeat: aruco_pose_streamer | buf= 94
2026-04-08T15:03:06.080Z | heartbeat: aruco_pose_streamer | buf= 94
2026-04-08T15:03:07.080Z | heartbeat: aruco_pose_streamer | buf= 95
2026-04-08T15:03:07.080Z | heartbeat: aruco_pose_streamer | buf= 95
2026-04-08T15:03:08.080Z | heartbeat: aruco_pose_streamer | buf= 96
2026-04-08T15:03:08.080Z | heartbeat: aruco_pose_streamer | buf= 96
2026-04-08T15:03:09.080Z | heartbeat: aruco_pose_streamer | buf= 97
2026-04-08T15:03:09.080Z | heartbeat: aruco_pose_streamer | buf= 97
2026-04-08T15:03:10.080Z | heartbeat: aruco_pose_streamer | buf= 98
2026-04-08T15:03:10.080Z | heartbeat: aruco_pose_streamer | buf= 98
2026-04-08T15:03:11.080Z | heartbeat: aruco_pose_streamer | buf= 99
2026-04-08T15:03:11.080Z | heartbeat: aruco_pose_streamer | buf= 99
2026-04-08T15:03:12.080Z | heartbeat: aruco_pose_streamer | buf=100
2026-04-08T15:03:12.080Z | heartbeat: aruco_pose_streamer | buf=100
2026-04-08T15:03:13.080Z | heartbeat: aruco_pose_streamer | buf= 91
2026-04-08T15:03:13.080Z | heartbeat: aruco_pose_streamer | buf= 91
2026-04-08T15:03:14.081Z | heartbeat: aruco_pose_streamer | buf= 92
2026-04-08T15:03:14.082Z | heartbeat: aruco_pose_streamer | buf= 92
2026-04-08T15:03:15.080Z | heartbeat: aruco_pose_streamer | buf= 93
2026-04-08T15:03:15.080Z | heartbeat: aruco_pose_streamer | buf= 93
2026-04-08T15:03:16.080Z | heartbeat: aruco_pose_streamer | buf= 94
2026-04-08T15:03:16.080Z | heartbeat: aruco_pose_streamer | buf= 94
2026-04-08T15:03:17.081Z | heartbeat: aruco_pose_streamer | buf= 95
2026-04-08T15:03:17.081Z | heartbeat: aruco_pose_streamer | buf= 95
2026-04-08T15:03:18.081Z | heartbeat: aruco_pose_streamer | buf= 96
2026-04-08T15:03:18.081Z | heartbeat: aruco_pose_streamer | buf= 96
2026-04-08T15:03:19.080Z | heartbeat: aruco_pose_streamer | buf= 97
2026-04-08T15:03:19.080Z | heartbeat: aruco_pose_streamer | buf= 97
2026-04-08T15:03:20.080Z | heartbeat: aruco_pose_streamer | buf= 98
2026-04-08T15:03:20.080Z | heartbeat: aruco_pose_streamer | buf= 98
2026-04-08T15:03:21.080Z | heartbeat: aruco_pose_streamer | buf= 99
2026-04-08T15:03:21.080Z | heartbeat: aruco_pose_streamer | buf= 99
2026-04-08T15:03:22.080Z | heartbeat: aruco_pose_streamer | buf=100
2026-04-08T15:03:22.080Z | heartbeat: aruco_pose_streamer | buf=100
2026-04-08T15:03:23.080Z | heartbeat: aruco_pose_streamer | buf= 91
2026-04-08T15:03:23.080Z | heartbeat: aruco_pose_streamer | buf= 91
2026-04-08T15:03:24.080Z | heartbeat: aruco_pose_streamer | buf= 92
2026-04-08T15:03:24.080Z | heartbeat: aruco_pose_streamer | buf= 92
2026-04-08T15:03:25.084Z | heartbeat: aruco_pose_streamer | buf= 93
2026-04-08T15:03:25.085Z | heartbeat: aruco_pose_streamer | buf= 93
2026-04-08T15:03:26.082Z | heartbeat: aruco_pose_streamer | buf= 94
2026-04-08T15:03:26.083Z | heartbeat: aruco_pose_streamer | buf= 94
2026-04-08T15:03:27.080Z | heartbeat: aruco_pose_streamer | buf= 95
2026-04-08T15:03:27.080Z | heartbeat: aruco_pose_streamer | buf= 95
2026-04-08T15:03:28.080Z | heartbeat: aruco_pose_streamer | buf= 96
2026-04-08T15:03:28.080Z | heartbeat: aruco_pose_streamer | buf= 96
2026-04-08T15:03:29.080Z | heartbeat: aruco_pose_streamer | buf= 97
2026-04-08T15:03:29.080Z | heartbeat: aruco_pose_streamer | buf= 97
2026-04-08T15:03:30.083Z | heartbeat: aruco_pose_streamer | buf= 98
2026-04-08T15:03:30.083Z | heartbeat: aruco_pose_streamer | buf= 98
2026-04-08T15:03:31.080Z | heartbeat: aruco_pose_streamer | buf= 99
2026-04-08T15:03:31.080Z | heartbeat: aruco_pose_streamer | buf= 99
2026-04-08T15:03:32.080Z | heartbeat: aruco_pose_streamer | buf=100
2026-04-08T15:03:32.080Z | heartbeat: aruco_pose_streamer | buf=100
2026-04-08T15:03:33.080Z | heartbeat: aruco_pose_streamer | buf= 91
2026-04-08T15:03:33.080Z | heartbeat: aruco_pose_streamer | buf= 91
2026-04-08T15:03:34.080Z | heartbeat: aruco_pose_streamer | buf= 92
2026-04-08T15:03:34.080Z | heartbeat: aruco_pose_streamer | buf= 92
2026-04-08T15:03:35.080Z | heartbeat: aruco_pose_streamer | buf= 93
2026-04-08T15:03:35.080Z | heartbeat: aruco_pose_streamer | buf= 93
2026-04-08T15:03:36.080Z | heartbeat: aruco_pose_streamer | buf= 94
2026-04-08T15:03:36.080Z | heartbeat: aruco_pose_streamer | buf= 94
2026-04-08T15:03:37.081Z | heartbeat: aruco_pose_streamer | buf= 95
2026-04-08T15:03:37.081Z | heartbeat: aruco_pose_streamer | buf= 95
2026-04-08T15:03:38.080Z | heartbeat: aruco_pose_streamer | buf= 96
2026-04-08T15:03:38.081Z | heartbeat: aruco_pose_streamer | buf= 96
2026-04-08T15:03:39.080Z | heartbeat: aruco_pose_streamer | buf= 97
2026-04-08T15:03:39.080Z | heartbeat: aruco_pose_streamer | buf= 97
2026-04-08T15:03:40.080Z | heartbeat: aruco_pose_streamer | buf= 98
2026-04-08T15:03:40.080Z | heartbeat: aruco_pose_streamer | buf= 98
2026-04-08T15:03:41.080Z | heartbeat: aruco_pose_streamer | buf= 99
2026-04-08T15:03:41.081Z | heartbeat: aruco_pose_streamer | buf= 99
2026-04-08T15:03:42.081Z | heartbeat: aruco_pose_streamer | buf=100
2026-04-08T15:03:42.081Z | heartbeat: aruco_pose_streamer | buf=100
2026-04-08T15:03:43.080Z | heartbeat: aruco_pose_streamer | buf= 91
2026-04-08T15:03:43.080Z | heartbeat: aruco_pose_streamer | buf= 91
2026-04-08T15:03:44.080Z | heartbeat: aruco_pose_streamer | buf= 92
2026-04-08T15:03:44.080Z | heartbeat: aruco_pose_streamer | buf= 92
2026-04-08T15:03:45.080Z | heartbeat: aruco_pose_streamer | buf= 93
2026-04-08T15:03:45.080Z | heartbeat: aruco_pose_streamer | buf= 93
2026-04-08T15:03:46.080Z | heartbeat: aruco_pose_streamer | buf= 94
2026-04-08T15:03:46.080Z | heartbeat: aruco_pose_streamer | buf= 94
2026-04-08T15:03:47.080Z | heartbeat: aruco_pose_streamer | buf= 95
2026-04-08T15:03:47.080Z | heartbeat: aruco_pose_streamer | buf= 95
2026-04-08T15:03:48.080Z | heartbeat: aruco_pose_streamer | buf= 96
2026-04-08T15:03:48.080Z | heartbeat: aruco_pose_streamer | buf= 96
2026-04-08T15:03:49.080Z | heartbeat: aruco_pose_streamer | buf= 97
2026-04-08T15:03:49.080Z | heartbeat: aruco_pose_streamer | buf= 97
2026-04-08T15:03:50.080Z | heartbeat: aruco_pose_streamer | buf= 98
2026-04-08T15:03:50.080Z | heartbeat: aruco_pose_streamer | buf= 98
2026-04-08T15:03:51.080Z | heartbeat: aruco_pose_streamer | buf= 99
2026-04-08T15:03:51.080Z | heartbeat: aruco_pose_streamer | buf= 99
2026-04-08T15:03:52.080Z | heartbeat: aruco_pose_streamer | buf=100
2026-04-08T15:03:52.080Z | heartbeat: aruco_pose_streamer | buf=100
2026-04-08T15:03:53.080Z | heartbeat: aruco_pose_streamer | buf= 91
2026-04-08T15:03:53.080Z | heartbeat: aruco_pose_streamer | buf= 91
2026-04-08T15:03:54.082Z | heartbeat: aruco_pose_streamer | buf= 92
2026-04-08T15:03:54.082Z | heartbeat: aruco_pose_streamer | buf= 92
2026-04-08T15:03:55.084Z | heartbeat: aruco_pose_streamer | buf= 93
2026-04-08T15:03:55.084Z | heartbeat: aruco_pose_streamer | buf= 93
2026-04-08T15:03:56.082Z | heartbeat: aruco_pose_streamer | buf= 94
2026-04-08T15:03:56.082Z | heartbeat: aruco_pose_streamer | buf= 94
2026-04-08T15:03:57.080Z | heartbeat: aruco_pose_streamer | buf= 95
2026-04-08T15:03:57.080Z | heartbeat: aruco_pose_streamer | buf= 95
2026-04-08T15:03:58.081Z | heartbeat: aruco_pose_streamer | buf= 96
2026-04-08T15:03:58.081Z | heartbeat: aruco_pose_streamer | buf= 96
2026-04-08T15:03:59.080Z | heartbeat: aruco_pose_streamer | buf= 97
2026-04-08T15:03:59.080Z | heartbeat: aruco_pose_streamer | buf= 97
2026-04-08T15:04:00.081Z | heartbeat: aruco_pose_streamer | buf= 98
2026-04-08T15:04:00.080Z | heartbeat: aruco_pose_streamer | buf= 98
2026-04-08T15:04:01.080Z | heartbeat: aruco_pose_streamer | buf= 99
2026-04-08T15:04:01.080Z | heartbeat: aruco_pose_streamer | buf= 99
2026-04-08T15:04:02.080Z | heartbeat: aruco_pose_streamer | buf=100
2026-04-08T15:04:02.080Z | heartbeat: aruco_pose_streamer | buf=100
2026-04-08T15:04:03.082Z | heartbeat: aruco_pose_streamer | buf= 91
2026-04-08T15:04:03.082Z | heartbeat: aruco_pose_streamer | buf= 91
2026-04-08T15:04:04.080Z | heartbeat: aruco_pose_streamer | buf= 92
2026-04-08T15:04:04.080Z | heartbeat: aruco_pose_streamer | buf= 92
2026-04-08T15:04:05.080Z | heartbeat: aruco_pose_streamer | buf= 93
2026-04-08T15:04:05.080Z | heartbeat: aruco_pose_streamer | buf= 93
2026-04-08T15:04:06.080Z | heartbeat: aruco_pose_streamer | buf= 94
2026-04-08T15:04:06.080Z | heartbeat: aruco_pose_streamer | buf= 94
2026-04-08T15:04:07.080Z | heartbeat: aruco_pose_streamer | buf= 95
2026-04-08T15:04:07.080Z | heartbeat: aruco_pose_streamer | buf= 95
2026-04-08T15:04:08.080Z | heartbeat: aruco_pose_streamer | buf= 96
2026-04-08T15:04:08.080Z | heartbeat: aruco_pose_streamer | buf= 96
2026-04-08T15:04:09.080Z | heartbeat: aruco_pose_streamer | buf= 97
2026-04-08T15:04:09.080Z | heartbeat: aruco_pose_streamer | buf= 97
2026-04-08T15:04:10.080Z | heartbeat: aruco_pose_streamer | buf= 98
2026-04-08T15:04:10.080Z | heartbeat: aruco_pose_streamer | buf= 98
2026-04-08T15:04:11.080Z | heartbeat: aruco_pose_streamer | buf= 99
2026-04-08T15:04:11.080Z | heartbeat: aruco_pose_streamer | buf= 99
2026-04-08T15:04:12.080Z | heartbeat: aruco_pose_streamer | buf=100
2026-04-08T15:04:12.080Z | heartbeat: aruco_pose_streamer | buf=100
2026-04-08T15:04:13.080Z | heartbeat: aruco_pose_streamer | buf= 91
2026-04-08T15:04:13.080Z | heartbeat: aruco_pose_streamer | buf= 91
2026-04-08T15:04:14.080Z | heartbeat: aruco_pose_streamer | buf= 92
2026-04-08T15:04:14.080Z | heartbeat: aruco_pose_streamer | buf= 92
2026-04-08T15:04:15.082Z | heartbeat: aruco_pose_streamer | buf= 93
2026-04-08T15:04:15.082Z | heartbeat: aruco_pose_streamer | buf= 93
2026-04-08T15:04:16.080Z | heartbeat: aruco_pose_streamer | buf= 94
2026-04-08T15:04:16.080Z | heartbeat: aruco_pose_streamer | buf= 94
2026-04-08T15:04:17.080Z | heartbeat: aruco_pose_streamer | buf= 95
2026-04-08T15:04:17.080Z | heartbeat: aruco_pose_streamer | buf= 95
2026-04-08T15:04:18.080Z | heartbeat: aruco_pose_streamer | buf= 96
2026-04-08T15:04:18.080Z | heartbeat: aruco_pose_streamer | buf= 96
2026-04-08T15:04:19.080Z | heartbeat: aruco_pose_streamer | buf= 97
2026-04-08T15:04:19.081Z | heartbeat: aruco_pose_streamer | buf= 97
2026-04-08T15:04:20.080Z | heartbeat: aruco_pose_streamer | buf= 98
2026-04-08T15:04:20.080Z | heartbeat: aruco_pose_streamer | buf= 98
2026-04-08T15:04:21.080Z | heartbeat: aruco_pose_streamer | buf= 99
2026-04-08T15:04:21.080Z | heartbeat: aruco_pose_streamer | buf= 99
2026-04-08T15:04:22.080Z | heartbeat: aruco_pose_streamer | buf=100
2026-04-08T15:04:22.080Z | heartbeat: aruco_pose_streamer | buf=100
2026-04-08T15:04:23.080Z | heartbeat: aruco_pose_streamer | buf= 91
2026-04-08T15:04:23.080Z | heartbeat: aruco_pose_streamer | buf= 91
2026-04-08T15:04:24.080Z | heartbeat: aruco_pose_streamer | buf= 92
2026-04-08T15:04:24.080Z | heartbeat: aruco_pose_streamer | buf= 92
2026-04-08T15:04:25.080Z | heartbeat: aruco_pose_streamer | buf= 93
2026-04-08T15:04:25.080Z | heartbeat: aruco_pose_streamer | buf= 93
2026-04-08T15:04:26.080Z | heartbeat: aruco_pose_streamer | buf= 94
2026-04-08T15:04:26.080Z | heartbeat: aruco_pose_streamer | buf= 94
2026-04-08T15:04:27.080Z | heartbeat: aruco_pose_streamer | buf= 95
2026-04-08T15:04:27.080Z | heartbeat: aruco_pose_streamer | buf= 95
2026-04-08T15:04:28.080Z | heartbeat: aruco_pose_streamer | buf= 96
2026-04-08T15:04:28.080Z | heartbeat: aruco_pose_streamer | buf= 96
2026-04-08T15:04:29.080Z | heartbeat: aruco_pose_streamer | buf= 97
2026-04-08T15:04:29.080Z | heartbeat: aruco_pose_streamer | buf= 97
2026-04-08T15:04:30.080Z | heartbeat: aruco_pose_streamer | buf= 98
2026-04-08T15:04:30.080Z | heartbeat: aruco_pose_streamer | buf= 98
2026-04-08T15:04:31.080Z | heartbeat: aruco_pose_streamer | buf= 99
2026-04-08T15:04:31.080Z | heartbeat: aruco_pose_streamer | buf= 99
2026-04-08T15:04:32.080Z | heartbeat: aruco_pose_streamer | buf=100
2026-04-08T15:04:32.080Z | heartbeat: aruco_pose_streamer | buf=100
2026-04-08T15:04:33.080Z | heartbeat: aruco_pose_streamer | buf= 91
2026-04-08T15:04:33.080Z | heartbeat: aruco_pose_streamer | buf= 91
2026-04-08T15:04:34.080Z | heartbeat: aruco_pose_streamer | buf= 92
2026-04-08T15:04:34.080Z | heartbeat: aruco_pose_streamer | buf= 92
2026-04-08T15:04:35.080Z | heartbeat: aruco_pose_streamer | buf= 93
2026-04-08T15:04:35.080Z | heartbeat: aruco_pose_streamer | buf= 93
2026-04-08T15:04:36.080Z | heartbeat: aruco_pose_streamer | buf= 94
2026-04-08T15:04:36.080Z | heartbeat: aruco_pose_streamer | buf= 94
2026-04-08T15:04:37.083Z | heartbeat: aruco_pose_streamer | buf= 95
2026-04-08T15:04:37.083Z | heartbeat: aruco_pose_streamer | buf= 95
2026-04-08T15:04:38.082Z | heartbeat: aruco_pose_streamer | buf= 96
2026-04-08T15:04:38.082Z | heartbeat: aruco_pose_streamer | buf= 96
2026-04-08T15:04:39.080Z | heartbeat: aruco_pose_streamer | buf= 97
2026-04-08T15:04:39.080Z | heartbeat: aruco_pose_streamer | buf= 97
2026-04-08T15:04:40.082Z | heartbeat: aruco_pose_streamer | buf= 98
2026-04-08T15:04:40.082Z | heartbeat: aruco_pose_streamer | buf= 98
2026-04-08T15:04:41.081Z | heartbeat: aruco_pose_streamer | buf= 99
2026-04-08T15:04:41.081Z | heartbeat: aruco_pose_streamer | buf= 99
2026-04-08T15:04:42.081Z | heartbeat: aruco_pose_streamer | buf=100
2026-04-08T15:04:42.081Z | heartbeat: aruco_pose_streamer | buf=100
2026-04-08T15:04:43.080Z | heartbeat: aruco_pose_streamer | buf= 91
2026-04-08T15:04:43.080Z | heartbeat: aruco_pose_streamer | buf= 91
2026-04-08T15:04:44.080Z | heartbeat: aruco_pose_streamer | buf= 92
2026-04-08T15:04:44.081Z | heartbeat: aruco_pose_streamer | buf= 92
2026-04-08T15:04:45.080Z | heartbeat: aruco_pose_streamer | buf= 93
2026-04-08T15:04:45.080Z | heartbeat: aruco_pose_streamer | buf= 93
2026-04-08T15:04:46.080Z | heartbeat: aruco_pose_streamer | buf= 94
2026-04-08T15:04:46.080Z | heartbeat: aruco_pose_streamer | buf= 94
2026-04-08T15:04:47.082Z | heartbeat: aruco_pose_streamer | buf= 95
2026-04-08T15:04:47.082Z | heartbeat: aruco_pose_streamer | buf= 95
2026-04-08T15:04:48.080Z | heartbeat: aruco_pose_streamer | buf= 96
2026-04-08T15:04:48.080Z | heartbeat: aruco_pose_streamer | buf= 96
2026-04-08T15:04:49.080Z | heartbeat: aruco_pose_streamer | buf= 97
2026-04-08T15:04:49.080Z | heartbeat: aruco_pose_streamer | buf= 97
2026-04-08T15:04:50.080Z | heartbeat: aruco_pose_streamer | buf= 98
2026-04-08T15:04:50.080Z | heartbeat: aruco_pose_streamer | buf= 98
2026-04-08T15:04:51.080Z | heartbeat: aruco_pose_streamer | buf= 99
2026-04-08T15:04:51.080Z | heartbeat: aruco_pose_streamer | buf= 99
2026-04-08T15:04:52.084Z | heartbeat: aruco_pose_streamer | buf=100
2026-04-08T15:04:52.084Z | heartbeat: aruco_pose_streamer | buf=100
2026-04-08T15:04:53.080Z | heartbeat: aruco_pose_streamer | buf= 91
2026-04-08T15:04:53.080Z | heartbeat: aruco_pose_streamer | buf= 91
2026-04-08T15:04:54.080Z | heartbeat: aruco_pose_streamer | buf= 92
2026-04-08T15:04:54.080Z | heartbeat: aruco_pose_streamer | buf= 92
2026-04-08T15:04:55.081Z | heartbeat: aruco_pose_streamer | buf= 93
2026-04-08T15:04:55.081Z | heartbeat: aruco_pose_streamer | buf= 93
2026-04-08T15:04:56.080Z | heartbeat: aruco_pose_streamer | buf= 94
2026-04-08T15:04:56.081Z | heartbeat: aruco_pose_streamer | buf= 94
2026-04-08T15:04:57.080Z | heartbeat: aruco_pose_streamer | buf= 95
2026-04-08T15:04:57.080Z | heartbeat: aruco_pose_streamer | buf= 95
2026-04-08T15:04:58.080Z | heartbeat: aruco_pose_streamer | buf= 96
2026-04-08T15:04:58.080Z | heartbeat: aruco_pose_streamer | buf= 96
2026-04-08T15:04:59.080Z | heartbeat: aruco_pose_streamer | buf= 97
2026-04-08T15:04:59.080Z | heartbeat: aruco_pose_streamer | buf= 97
2026-04-08T15:05:00.080Z | heartbeat: aruco_pose_streamer | buf= 98
2026-04-08T15:05:00.080Z | heartbeat: aruco_pose_streamer | buf= 98
2026-04-08T15:05:01.080Z | heartbeat: aruco_pose_streamer | buf= 99
2026-04-08T15:05:01.080Z | heartbeat: aruco_pose_streamer | buf= 99
2026-04-08T15:05:02.080Z | heartbeat: aruco_pose_streamer | buf=100
2026-04-08T15:05:02.080Z | heartbeat: aruco_pose_streamer | buf=100
2026-04-08T15:05:03.082Z | heartbeat: aruco_pose_streamer | buf= 91
2026-04-08T15:05:03.082Z | heartbeat: aruco_pose_streamer | buf= 91
2026-04-08T15:05:04.084Z | heartbeat: aruco_pose_streamer | buf= 92
2026-04-08T15:05:04.084Z | heartbeat: aruco_pose_streamer | buf= 92
2026-04-08T15:05:05.080Z | heartbeat: aruco_pose_streamer | buf= 93
2026-04-08T15:05:05.080Z | heartbeat: aruco_pose_streamer | buf= 93
2026-04-08T15:05:06.080Z | heartbeat: aruco_pose_streamer | buf= 94
2026-04-08T15:05:06.080Z | heartbeat: aruco_pose_streamer | buf= 94
2026-04-08T15:05:07.080Z | heartbeat: aruco_pose_streamer | buf= 95
2026-04-08T15:05:07.080Z | heartbeat: aruco_pose_streamer | buf= 95
2026-04-08T15:05:08.080Z | heartbeat: aruco_pose_streamer | buf= 96
2026-04-08T15:05:08.080Z | heartbeat: aruco_pose_streamer | buf= 96
2026-04-08T15:05:09.080Z | heartbeat: aruco_pose_streamer | buf= 97
2026-04-08T15:05:09.080Z | heartbeat: aruco_pose_streamer | buf= 97
2026-04-08T15:05:10.080Z | heartbeat: aruco_pose_streamer | buf= 98
2026-04-08T15:05:10.080Z | heartbeat: aruco_pose_streamer | buf= 98
2026-04-08T15:05:11.080Z | heartbeat: aruco_pose_streamer | buf= 99
2026-04-08T15:05:11.080Z | heartbeat: aruco_pose_streamer | buf= 99
2026-04-08T15:05:12.080Z | heartbeat: aruco_pose_streamer | buf=100
2026-04-08T15:05:12.080Z | heartbeat: aruco_pose_streamer | buf=100
2026-04-08T15:05:13.080Z | heartbeat: aruco_pose_streamer | buf= 91
2026-04-08T15:05:13.080Z | heartbeat: aruco_pose_streamer | buf= 91
2026-04-08T15:05:14.080Z | heartbeat: aruco_pose_streamer | buf= 92
2026-04-08T15:05:14.080Z | heartbeat: aruco_pose_streamer | buf= 92
2026-04-08T15:05:15.080Z | heartbeat: aruco_pose_streamer | buf= 93
2026-04-08T15:05:15.080Z | heartbeat: aruco_pose_streamer | buf= 93
2026-04-08T15:05:16.081Z | heartbeat: aruco_pose_streamer | buf= 94
2026-04-08T15:05:16.082Z | heartbeat: aruco_pose_streamer | buf= 94
2026-04-08T15:05:17.080Z | heartbeat: aruco_pose_streamer | buf= 95
2026-04-08T15:05:17.080Z | heartbeat: aruco_pose_streamer | buf= 95
2026-04-08T15:05:18.080Z | heartbeat: aruco_pose_streamer | buf= 96
2026-04-08T15:05:18.080Z | heartbeat: aruco_pose_streamer | buf= 96
2026-04-08T15:05:19.080Z | heartbeat: aruco_pose_streamer | buf= 97
2026-04-08T15:05:19.080Z | heartbeat: aruco_pose_streamer | buf= 97
2026-04-08T15:05:20.080Z | heartbeat: aruco_pose_streamer | buf= 98
2026-04-08T15:05:20.080Z | heartbeat: aruco_pose_streamer | buf= 98
2026-04-08T15:05:21.080Z | heartbeat: aruco_pose_streamer | buf= 99
2026-04-08T15:05:21.080Z | heartbeat: aruco_pose_streamer | buf= 99
2026-04-08T15:05:22.080Z | heartbeat: aruco_pose_streamer | buf=100
2026-04-08T15:05:22.080Z | heartbeat: aruco_pose_streamer | buf=100
2026-04-08T15:05:23.080Z | heartbeat: aruco_pose_streamer | buf= 91
2026-04-08T15:05:23.080Z | heartbeat: aruco_pose_streamer | buf= 91
2026-04-08T15:05:24.080Z | heartbeat: aruco_pose_streamer | buf= 92
2026-04-08T15:05:24.080Z | heartbeat: aruco_pose_streamer | buf= 92
2026-04-08T15:05:25.080Z | heartbeat: aruco_pose_streamer | buf= 93
2026-04-08T15:05:25.080Z | heartbeat: aruco_pose_streamer | buf= 93
2026-04-08T15:05:26.080Z | heartbeat: aruco_pose_streamer | buf= 94
2026-04-08T15:05:26.080Z | heartbeat: aruco_pose_streamer | buf= 94
2026-04-08T15:05:27.080Z | heartbeat: aruco_pose_streamer | buf= 95
2026-04-08T15:05:27.080Z | heartbeat: aruco_pose_streamer | buf= 95
2026-04-08T15:05:28.080Z | heartbeat: aruco_pose_streamer | buf= 96
2026-04-08T15:05:28.080Z | heartbeat: aruco_pose_streamer | buf= 96
2026-04-08T15:05:29.080Z | heartbeat: aruco_pose_streamer | buf= 97
2026-04-08T15:05:29.080Z | heartbeat: aruco_pose_streamer | buf= 97
2026-04-08T15:05:30.080Z | heartbeat: aruco_pose_streamer | buf= 98
2026-04-08T15:05:30.080Z | heartbeat: aruco_pose_streamer | buf= 98
2026-04-08T15:05:31.080Z | heartbeat: aruco_pose_streamer | buf= 99
2026-04-08T15:05:31.080Z | heartbeat: aruco_pose_streamer | buf= 99
2026-04-08T15:05:32.080Z | heartbeat: aruco_pose_streamer | buf=100
2026-04-08T15:05:32.080Z | heartbeat: aruco_pose_streamer | buf=100
2026-04-08T15:05:33.083Z | heartbeat: aruco_pose_streamer | buf= 91
2026-04-08T15:05:33.084Z | heartbeat: aruco_pose_streamer | buf= 91
2026-04-08T15:05:34.080Z | heartbeat: aruco_pose_streamer | buf= 92
2026-04-08T15:05:34.080Z | heartbeat: aruco_pose_streamer | buf= 92
2026-04-08T15:05:35.082Z | heartbeat: aruco_pose_streamer | buf= 93
2026-04-08T15:05:35.082Z | heartbeat: aruco_pose_streamer | buf= 93
2026-04-08T15:05:36.080Z | heartbeat: aruco_pose_streamer | buf= 94
2026-04-08T15:05:36.080Z | heartbeat: aruco_pose_streamer | buf= 94
2026-04-08T15:05:37.080Z | heartbeat: aruco_pose_streamer | buf= 95
2026-04-08T15:05:37.080Z | heartbeat: aruco_pose_streamer | buf= 95
2026-04-08T15:05:38.080Z | heartbeat: aruco_pose_streamer | buf= 96
2026-04-08T15:05:38.080Z | heartbeat: aruco_pose_streamer | buf= 96
2026-04-08T15:05:39.080Z | heartbeat: aruco_pose_streamer | buf= 97
2026-04-08T15:05:39.080Z | heartbeat: aruco_pose_streamer | buf= 97
2026-04-08T15:05:40.080Z | heartbeat: aruco_pose_streamer | buf= 98
2026-04-08T15:05:40.080Z | heartbeat: aruco_pose_streamer | buf= 98
2026-04-08T15:05:41.080Z | heartbeat: aruco_pose_streamer | buf= 99
2026-04-08T15:05:41.080Z | heartbeat: aruco_pose_streamer | buf= 99
2026-04-08T15:05:42.080Z | heartbeat: aruco_pose_streamer | buf=100
2026-04-08T15:05:42.080Z | heartbeat: aruco_pose_streamer | buf=100
2026-04-08T15:05:43.080Z | heartbeat: aruco_pose_streamer | buf= 91
2026-04-08T15:05:43.080Z | heartbeat: aruco_pose_streamer | buf= 91
2026-04-08T15:05:44.080Z | heartbeat: aruco_pose_streamer | buf= 92
2026-04-08T15:05:44.080Z | heartbeat: aruco_pose_streamer | buf= 92
2026-04-08T15:05:45.080Z | heartbeat: aruco_pose_streamer | buf= 93
2026-04-08T15:05:45.080Z | heartbeat: aruco_pose_streamer | buf= 93
2026-04-08T15:05:46.080Z | heartbeat: aruco_pose_streamer | buf= 94
2026-04-08T15:05:46.080Z | heartbeat: aruco_pose_streamer | buf= 94
2026-04-08T15:05:46.483Z | frame=camera_rgb_frame | ID: 0; Tvec: x = -0.029713 , y = 0.049755 , z = 0.205443 ; rvec: x = -2.165060 , y = 0.461451 , z = 0.182692 | buf= 95
2026-04-08T15:05:46.483Z | frame=camera_rgb_frame | ID: 0; Tvec: x = -0.029713 , y = 0.049755 , z = 0.205443 ; rvec: x = -2.165060 , y = 0.461451 , z = 0.182692 | buf= 95
2026-04-08T15:05:46.484Z | frame=camera_rgb_frame | ID: 0; Tvec: x = -0.029713 , y = 0.049755 , z = 0.205443 ; rvec: x = -2.165060 , y = 0.461451 , z = 0.182692 | buf= 96
2026-04-08T15:05:46.484Z | frame=camera_rgb_frame | ID: 0; Tvec: x = -0.029713 , y = 0.049755 , z = 0.205443 ; rvec: x = -2.165060 , y = 0.461451 , z = 0.182692 | buf= 96
2026-04-08T15:05:46.485Z | frame=camera_rgb_frame | ID: 0; Tvec: x = -0.029713 , y = 0.049755 , z = 0.205443 ; rvec: x = -2.165060 , y = 0.461451 , z = 0.182692 | buf= 97
2026-04-08T15:05:46.485Z | frame=camera_rgb_frame | ID: 0; Tvec: x = -0.029713 , y = 0.049755 , z = 0.205443 ; rvec: x = -2.165060 , y = 0.461451 , z = 0.182692 | buf= 97
2026-04-08T15:05:46.515Z | frame=camera_rgb_frame | ID: 0; Tvec: x = -0.031255 , y = 0.039278 , z = 0.206533 ; rvec: x = -2.134577 , y = 0.414085 , z = 0.199770 | buf= 98
2026-04-08T15:05:46.516Z | frame=camera_rgb_frame | ID: 0; Tvec: x = -0.031255 , y = 0.039278 , z = 0.206533 ; rvec: x = -2.134577 , y = 0.414085 , z = 0.199770 | buf= 98
2026-04-08T15:05:46.517Z | frame=camera_rgb_frame | ID: 0; Tvec: x = -0.031255 , y = 0.039278 , z = 0.206533 ; rvec: x = -2.134577 , y = 0.414085 , z = 0.199770 | buf= 99
2026-04-08T15:05:46.517Z | frame=camera_rgb_frame | ID: 0; Tvec: x = -0.031255 , y = 0.039278 , z = 0.206533 ; rvec: x = -2.134577 , y = 0.414085 , z = 0.199770 | buf= 99
2026-04-08T15:05:46.517Z | frame=camera_rgb_frame | ID: 0; Tvec: x = -0.031255 , y = 0.039278 , z = 0.206533 ; rvec: x = -2.134577 , y = 0.414085 , z = 0.199770 | buf=100
2026-04-08T15:05:46.518Z | frame=camera_rgb_frame | ID: 0; Tvec: x = -0.031255 , y = 0.039278 , z = 0.206533 ; rvec: x = -2.134577 , y = 0.414085 , z = 0.199770 | buf=100
2026-04-08T15:05:46.549Z | frame=camera_rgb_frame | ID: 0; Tvec: x = -0.032088 , y = 0.028684 , z = 0.206857 ; rvec: x = -2.109312 , y = 0.350833 , z = 0.237495 | buf= 91
2026-04-08T15:05:46.550Z | frame=camera_rgb_frame | ID: 0; Tvec: x = -0.032088 , y = 0.028684 , z = 0.206857 ; rvec: x = -2.109312 , y = 0.350833 , z = 0.237495 | buf= 91
2026-04-08T15:05:46.552Z | frame=camera_rgb_frame | ID: 0; Tvec: x = -0.032088 , y = 0.028684 , z = 0.206857 ; rvec: x = -2.109312 , y = 0.350833 , z = 0.237495 | buf= 92
2026-04-08T15:05:46.552Z | frame=camera_rgb_frame | ID: 0; Tvec: x = -0.032088 , y = 0.028684 , z = 0.206857 ; rvec: x = -2.109312 , y = 0.350833 , z = 0.237495 | buf= 92
2026-04-08T15:05:46.553Z | frame=camera_rgb_frame | ID: 0; Tvec: x = -0.032088 , y = 0.028684 , z = 0.206857 ; rvec: x = -2.109312 , y = 0.350833 , z = 0.237495 | buf= 93
2026-04-08T15:05:46.553Z | frame=camera_rgb_frame | ID: 0; Tvec: x = -0.032088 , y = 0.028684 , z = 0.206857 ; rvec: x = -2.109312 , y = 0.350833 , z = 0.237495 | buf= 93
2026-04-08T15:05:46.619Z | frame=camera_rgb_frame | ID: 0; Tvec: x = -0.032763 , y = 0.008189 , z = 0.206723 ; rvec: x = -2.047987 , y = 0.257632 , z = 0.298570 | buf= 94
2026-04-08T15:05:46.619Z | frame=camera_rgb_frame | ID: 0; Tvec: x = -0.032763 , y = 0.008189 , z = 0.206723 ; rvec: x = -2.047987 , y = 0.257632 , z = 0.298570 | buf= 94
2026-04-08T15:05:46.621Z | frame=camera_rgb_frame | ID: 0; Tvec: x = -0.032763 , y = 0.008189 , z = 0.206723 ; rvec: x = -2.047987 , y = 0.257632 , z = 0.298570 | buf= 95
2026-04-08T15:05:46.621Z | frame=camera_rgb_frame | ID: 0; Tvec: x = -0.032763 , y = 0.008189 , z = 0.206723 ; rvec: x = -2.047987 , y = 0.257632 , z = 0.298570 | buf= 95
2026-04-08T15:05:46.622Z | frame=camera_rgb_frame | ID: 0; Tvec: x = -0.032763 , y = 0.008189 , z = 0.206723 ; rvec: x = -2.047987 , y = 0.257632 , z = 0.298570 | buf= 96
2026-04-08T15:05:46.622Z | frame=camera_rgb_frame | ID: 0; Tvec: x = -0.032763 , y = 0.008189 , z = 0.206723 ; rvec: x = -2.047987 , y = 0.257632 , z = 0.298570 | buf= 96
2026-04-08T15:05:46.719Z | frame=camera_rgb_frame | ID: 0; Tvec: x = -0.031405 , y = -0.024008 , z = 0.203141 ; rvec: x = -1.934663 , y = 0.113837 , z = 0.357727 | buf= 97
2026-04-08T15:05:46.719Z | frame=camera_rgb_frame | ID: 0; Tvec: x = -0.031405 , y = -0.024008 , z = 0.203141 ; rvec: x = -1.934663 , y = 0.113837 , z = 0.357727 | buf= 97
2026-04-08T15:05:46.720Z | frame=camera_rgb_frame | ID: 0; Tvec: x = -0.031405 , y = -0.024008 , z = 0.203141 ; rvec: x = -1.934663 , y = 0.113837 , z = 0.357727 | buf= 98
2026-04-08T15:05:46.720Z | frame=camera_rgb_frame | ID: 0; Tvec: x = -0.031405 , y = -0.024008 , z = 0.203141 ; rvec: x = -1.934663 , y = 0.113837 , z = 0.357727 | buf= 98
2026-04-08T15:05:46.722Z | frame=camera_rgb_frame | ID: 0; Tvec: x = -0.031405 , y = -0.024008 , z = 0.203141 ; rvec: x = -1.934663 , y = 0.113837 , z = 0.357727 | buf= 99
2026-04-08T15:05:46.722Z | frame=camera_rgb_frame | ID: 0; Tvec: x = -0.031405 , y = -0.024008 , z = 0.203141 ; rvec: x = -1.934663 , y = 0.113837 , z = 0.357727 | buf= 99
2026-04-08T15:05:46.753Z | frame=camera_rgb_frame | ID: 0; Tvec: x = -0.030271 , y = -0.034877 , z = 0.201032 ; rvec: x = -1.890691 , y = 0.073942 , z = 0.374189 | buf=100
2026-04-08T15:05:46.753Z | frame=camera_rgb_frame | ID: 0; Tvec: x = -0.030271 , y = -0.034877 , z = 0.201032 ; rvec: x = -1.890691 , y = 0.073942 , z = 0.374189 | buf=100
2026-04-08T15:05:46.755Z | frame=camera_rgb_frame | ID: 0; Tvec: x = -0.030271 , y = -0.034877 , z = 0.201032 ; rvec: x = -1.890691 , y = 0.073942 , z = 0.374189 | buf= 91
2026-04-08T15:05:46.755Z | frame=camera_rgb_frame | ID: 0; Tvec: x = -0.030271 , y = -0.034877 , z = 0.201032 ; rvec: x = -1.890691 , y = 0.073942 , z = 0.374189 | buf= 91
2026-04-08T15:05:46.757Z | frame=camera_rgb_frame | ID: 0; Tvec: x = -0.030271 , y = -0.034877 , z = 0.201032 ; rvec: x = -1.890691 , y = 0.073942 , z = 0.374189 | buf= 92
2026-04-08T15:05:46.758Z | frame=camera_rgb_frame | ID: 0; Tvec: x = -0.030271 , y = -0.034877 , z = 0.201032 ; rvec: x = -1.890691 , y = 0.073942 , z = 0.374189 | buf= 92
2026-04-08T15:05:46.784Z | frame=camera_rgb_frame | ID: 0; Tvec: x = -0.028444 , y = -0.045544 , z = 0.198056 ; rvec: x = -1.856238 , y = 0.019080 , z = 0.410483 | buf= 93
2026-04-08T15:05:46.784Z | frame=camera_rgb_frame | ID: 0; Tvec: x = -0.028444 , y = -0.045544 , z = 0.198056 ; rvec: x = -1.856238 , y = 0.019080 , z = 0.410483 | buf= 93
2026-04-08T15:05:46.787Z | frame=camera_rgb_frame | ID: 0; Tvec: x = -0.028444 , y = -0.045544 , z = 0.198056 ; rvec: x = -1.856238 , y = 0.019080 , z = 0.410483 | buf= 94
2026-04-08T15:05:46.788Z | frame=camera_rgb_frame | ID: 0; Tvec: x = -0.028444 , y = -0.045544 , z = 0.198056 ; rvec: x = -1.856238 , y = 0.019080 , z = 0.410483 | buf= 95
2026-04-08T15:05:46.789Z | frame=camera_rgb_frame | ID: 0; Tvec: x = -0.028444 , y = -0.045544 , z = 0.198056 ; rvec: x = -1.856238 , y = 0.019080 , z = 0.410483 | buf= 94
2026-04-08T15:05:46.790Z | frame=camera_rgb_frame | ID: 0; Tvec: x = -0.028444 , y = -0.045544 , z = 0.198056 ; rvec: x = -1.856238 , y = 0.019080 , z = 0.410483 | buf= 95
2026-04-08T15:05:46.818Z | frame=camera_rgb_frame | ID: 0; Tvec: x = -0.026413 , y = -0.056875 , z = 0.194738 ; rvec: x = -1.812300 , y = -0.025766 , z = 0.427780 | buf= 96
2026-04-08T15:05:46.818Z | frame=camera_rgb_frame | ID: 0; Tvec: x = -0.026413 , y = -0.056875 , z = 0.194738 ; rvec: x = -1.812300 , y = -0.025766 , z = 0.427780 | buf= 96
2026-04-08T15:05:46.823Z | frame=camera_rgb_frame | ID: 0; Tvec: x = -0.026413 , y = -0.056875 , z = 0.194738 ; rvec: x = -1.812300 , y = -0.025766 , z = 0.427780 | buf= 97
2026-04-08T15:05:46.823Z | frame=camera_rgb_frame | ID: 0; Tvec: x = -0.026413 , y = -0.056875 , z = 0.194738 ; rvec: x = -1.812300 , y = -0.025766 , z = 0.427780 | buf= 97
2026-04-08T15:05:46.824Z | frame=camera_rgb_frame | ID: 0; Tvec: x = -0.026413 , y = -0.056875 , z = 0.194738 ; rvec: x = -1.812300 , y = -0.025766 , z = 0.427780 | buf= 98
2026-04-08T15:05:46.825Z | frame=camera_rgb_frame | ID: 0; Tvec: x = -0.026413 , y = -0.056875 , z = 0.194738 ; rvec: x = -1.812300 , y = -0.025766 , z = 0.427780 | buf= 98
2026-04-08T15:05:47.080Z | heartbeat: aruco_pose_streamer | buf= 99
2026-04-08T15:05:47.080Z | heartbeat: aruco_pose_streamer | buf= 99
2026-04-08T15:05:48.081Z | heartbeat: aruco_pose_streamer | buf=100
2026-04-08T15:05:48.081Z | heartbeat: aruco_pose_streamer | buf=100
2026-04-08T15:05:49.080Z | heartbeat: aruco_pose_streamer | buf= 91
2026-04-08T15:05:49.080Z | heartbeat: aruco_pose_streamer | buf= 91
2026-04-08T15:05:50.080Z | heartbeat: aruco_pose_streamer | buf= 92
2026-04-08T15:05:50.080Z | heartbeat: aruco_pose_streamer | buf= 92
2026-04-08T15:05:51.080Z | heartbeat: aruco_pose_streamer | buf= 93
2026-04-08T15:05:51.080Z | heartbeat: aruco_pose_streamer | buf= 93
2026-04-08T15:05:52.080Z | heartbeat: aruco_pose_streamer | buf= 94
2026-04-08T15:05:52.080Z | heartbeat: aruco_pose_streamer | buf= 94
2026-04-08T15:05:53.080Z | heartbeat: aruco_pose_streamer | buf= 95
2026-04-08T15:05:53.080Z | heartbeat: aruco_pose_streamer | buf= 95
2026-04-08T15:05:54.080Z | heartbeat: aruco_pose_streamer | buf= 96
2026-04-08T15:05:54.080Z | heartbeat: aruco_pose_streamer | buf= 96
2026-04-08T15:05:55.080Z | heartbeat: aruco_pose_streamer | buf= 97
2026-04-08T15:05:55.080Z | heartbeat: aruco_pose_streamer | buf= 97
2026-04-08T15:05:56.080Z | heartbeat: aruco_pose_streamer | buf= 98
2026-04-08T15:05:56.080Z | heartbeat: aruco_pose_streamer | buf= 98
2026-04-08T15:05:57.080Z | heartbeat: aruco_pose_streamer | buf= 99
2026-04-08T15:05:57.080Z | heartbeat: aruco_pose_streamer | buf= 99
2026-04-08T15:05:58.977Z | frame=camera_rgb_frame | ID: 0; Tvec: x = -0.019860 , y = -0.023059 , z = 0.136367 ; rvec: x = -2.094314 , y = 0.356727 , z = -0.766786 | buf=100
2026-04-08T15:05:58.977Z | frame=camera_rgb_frame | ID: 0; Tvec: x = -0.019860 , y = -0.023059 , z = 0.136367 ; rvec: x = -2.094314 , y = 0.356727 , z = -0.766786 | buf=100
2026-04-08T15:05:58.979Z | frame=camera_rgb_frame | ID: 0; Tvec: x = -0.019860 , y = -0.023059 , z = 0.136367 ; rvec: x = -2.094314 , y = 0.356727 , z = -0.766786 | buf= 91
2026-04-08T15:05:58.981Z | frame=camera_rgb_frame | ID: 0; Tvec: x = -0.019860 , y = -0.023059 , z = 0.136367 ; rvec: x = -2.094314 , y = 0.356727 , z = -0.766786 | buf= 92
2026-04-08T15:05:58.981Z | frame=camera_rgb_frame | ID: 0; Tvec: x = -0.019860 , y = -0.023059 , z = 0.136367 ; rvec: x = -2.094314 , y = 0.356727 , z = -0.766786 | buf= 91
2026-04-08T15:05:58.983Z | frame=camera_rgb_frame | ID: 0; Tvec: x = -0.019860 , y = -0.023059 , z = 0.136367 ; rvec: x = -2.094314 , y = 0.356727 , z = -0.766786 | buf= 92
2026-04-08T15:05:58.983Z | heartbeat: aruco_pose_streamer | buf= 93
2026-04-08T15:05:58.984Z | heartbeat: aruco_pose_streamer | buf= 93
2026-04-08T15:05:59.080Z | heartbeat: aruco_pose_streamer | buf= 94
2026-04-08T15:05:59.081Z | heartbeat: aruco_pose_streamer | buf= 94
2026-04-08T15:06:00.080Z | heartbeat: aruco_pose_streamer | buf= 95
2026-04-08T15:06:00.080Z | heartbeat: aruco_pose_streamer | buf= 95
2026-04-08T15:06:01.080Z | heartbeat: aruco_pose_streamer | buf= 96
2026-04-08T15:06:01.080Z | heartbeat: aruco_pose_streamer | buf= 96
2026-04-08T15:06:02.664Z | heartbeat: aruco_pose_streamer | buf= 97
2026-04-08T15:06:02.664Z | heartbeat: aruco_pose_streamer | buf= 97
2026-04-08T15:06:03.080Z | heartbeat: aruco_pose_streamer | buf= 98
2026-04-08T15:06:03.080Z | heartbeat: aruco_pose_streamer | buf= 98
2026-04-08T15:06:04.080Z | heartbeat: aruco_pose_streamer | buf= 99
2026-04-08T15:06:04.080Z | heartbeat: aruco_pose_streamer | buf= 99
2026-04-08T15:06:06.678Z | heartbeat: aruco_pose_streamer | buf=100
2026-04-08T15:06:06.679Z | heartbeat: aruco_pose_streamer | buf=100
2026-04-08T15:06:06.680Z | heartbeat: aruco_pose_streamer | buf= 91
2026-04-08T15:06:06.680Z | heartbeat: aruco_pose_streamer | buf= 91
2026-04-08T15:06:07.080Z | heartbeat: aruco_pose_streamer | buf= 92
2026-04-08T15:06:07.080Z | heartbeat: aruco_pose_streamer | buf= 92
2026-04-08T15:06:08.080Z | heartbeat: aruco_pose_streamer | buf= 93
2026-04-08T15:06:08.080Z | heartbeat: aruco_pose_streamer | buf= 93
2026-04-08T15:06:09.080Z | heartbeat: aruco_pose_streamer | buf= 94
2026-04-08T15:06:09.080Z | heartbeat: aruco_pose_streamer | buf= 94
2026-04-08T15:06:10.080Z | heartbeat: aruco_pose_streamer | buf= 95
2026-04-08T15:06:10.080Z | heartbeat: aruco_pose_streamer | buf= 95
2026-04-08T15:06:11.080Z | heartbeat: aruco_pose_streamer | buf= 96
2026-04-08T15:06:11.080Z | heartbeat: aruco_pose_streamer | buf= 96
2026-04-08T15:06:12.080Z | heartbeat: aruco_pose_streamer | buf= 97
2026-04-08T15:06:12.080Z | heartbeat: aruco_pose_streamer | buf= 97
2026-04-08T15:06:13.080Z | heartbeat: aruco_pose_streamer | buf= 98
2026-04-08T15:06:13.080Z | heartbeat: aruco_pose_streamer | buf= 98
2026-04-08T15:06:14.080Z | heartbeat: aruco_pose_streamer | buf= 99
2026-04-08T15:06:14.080Z | heartbeat: aruco_pose_streamer | buf= 99
2026-04-08T15:06:15.080Z | heartbeat: aruco_pose_streamer | buf=100
2026-04-08T15:06:15.080Z | heartbeat: aruco_pose_streamer | buf=100
2026-04-08T15:06:16.080Z | heartbeat: aruco_pose_streamer | buf= 91
2026-04-08T15:06:16.080Z | heartbeat: aruco_pose_streamer | buf= 91
2026-04-08T15:06:17.080Z | heartbeat: aruco_pose_streamer | buf= 92
2026-04-08T15:06:17.080Z | heartbeat: aruco_pose_streamer | buf= 92
2026-04-08T15:06:18.080Z | heartbeat: aruco_pose_streamer | buf= 93
2026-04-08T15:06:18.080Z | heartbeat: aruco_pose_streamer | buf= 93
2026-04-08T15:06:19.080Z | heartbeat: aruco_pose_streamer | buf= 94
2026-04-08T15:06:19.080Z | heartbeat: aruco_pose_streamer | buf= 94
2026-04-08T15:06:20.081Z | heartbeat: aruco_pose_streamer | buf= 95
2026-04-08T15:06:20.081Z | heartbeat: aruco_pose_streamer | buf= 95
2026-04-08T15:06:21.080Z | heartbeat: aruco_pose_streamer | buf= 96
2026-04-08T15:06:21.080Z | heartbeat: aruco_pose_streamer | buf= 96
2026-04-08T15:06:22.080Z | heartbeat: aruco_pose_streamer | buf= 97
2026-04-08T15:06:22.081Z | heartbeat: aruco_pose_streamer | buf= 97
2026-04-08T15:06:23.080Z | heartbeat: aruco_pose_streamer | buf= 98
2026-04-08T15:06:23.080Z | heartbeat: aruco_pose_streamer | buf= 98
2026-04-08T15:06:24.080Z | heartbeat: aruco_pose_streamer | buf= 99
2026-04-08T15:06:24.080Z | heartbeat: aruco_pose_streamer | buf= 99
2026-04-08T15:06:25.080Z | heartbeat: aruco_pose_streamer | buf=100
2026-04-08T15:06:25.080Z | heartbeat: aruco_pose_streamer | buf=100
2026-04-08T15:06:26.081Z | heartbeat: aruco_pose_streamer | buf= 91
2026-04-08T15:06:26.081Z | heartbeat: aruco_pose_streamer | buf= 91
2026-04-08T15:06:27.082Z | heartbeat: aruco_pose_streamer | buf= 92
2026-04-08T15:06:27.082Z | heartbeat: aruco_pose_streamer | buf= 92
2026-04-08T15:06:28.080Z | heartbeat: aruco_pose_streamer | buf= 93
2026-04-08T15:06:28.080Z | heartbeat: aruco_pose_streamer | buf= 93
2026-04-08T15:06:29.080Z | heartbeat: aruco_pose_streamer | buf= 94
2026-04-08T15:06:29.080Z | heartbeat: aruco_pose_streamer | buf= 94
2026-04-08T15:06:30.084Z | heartbeat: aruco_pose_streamer | buf= 95
2026-04-08T15:06:30.084Z | heartbeat: aruco_pose_streamer | buf= 95
2026-04-08T15:06:31.080Z | heartbeat: aruco_pose_streamer | buf= 96
2026-04-08T15:06:31.080Z | heartbeat: aruco_pose_streamer | buf= 96
2026-04-08T15:06:32.080Z | heartbeat: aruco_pose_streamer | buf= 97
2026-04-08T15:06:32.080Z | heartbeat: aruco_pose_streamer | buf= 97
2026-04-08T15:06:33.083Z | heartbeat: aruco_pose_streamer | buf= 98
2026-04-08T15:06:33.083Z | heartbeat: aruco_pose_streamer | buf= 98
2026-04-08T15:06:34.080Z | heartbeat: aruco_pose_streamer | buf= 99
2026-04-08T15:06:34.080Z | heartbeat: aruco_pose_streamer | buf= 99
2026-04-08T15:06:35.080Z | heartbeat: aruco_pose_streamer | buf=100
2026-04-08T15:06:35.080Z | heartbeat: aruco_pose_streamer | buf=100
2026-04-08T15:06:36.080Z | heartbeat: aruco_pose_streamer | buf= 91
2026-04-08T15:06:36.080Z | heartbeat: aruco_pose_streamer | buf= 91
2026-04-08T15:06:37.080Z | heartbeat: aruco_pose_streamer | buf= 92
2026-04-08T15:06:37.080Z | heartbeat: aruco_pose_streamer | buf= 92
2026-04-08T15:06:38.080Z | heartbeat: aruco_pose_streamer | buf= 93
2026-04-08T15:06:38.080Z | heartbeat: aruco_pose_streamer | buf= 93
2026-04-08T15:06:39.081Z | heartbeat: aruco_pose_streamer | buf= 94
2026-04-08T15:06:39.082Z | heartbeat: aruco_pose_streamer | buf= 94
2026-04-08T15:06:40.080Z | heartbeat: aruco_pose_streamer | buf= 95
2026-04-08T15:06:40.080Z | heartbeat: aruco_pose_streamer | buf= 95
2026-04-08T15:06:41.080Z | heartbeat: aruco_pose_streamer | buf= 96
2026-04-08T15:06:41.081Z | heartbeat: aruco_pose_streamer | buf= 96
2026-04-08T15:06:42.080Z | heartbeat: aruco_pose_streamer | buf= 97
2026-04-08T15:06:42.080Z | heartbeat: aruco_pose_streamer | buf= 97
2026-04-08T15:06:43.080Z | heartbeat: aruco_pose_streamer | buf= 98
2026-04-08T15:06:43.080Z | heartbeat: aruco_pose_streamer | buf= 98
2026-04-08T15:06:44.080Z | heartbeat: aruco_pose_streamer | buf= 99
2026-04-08T15:06:44.080Z | heartbeat: aruco_pose_streamer | buf= 99
2026-04-08T15:06:45.080Z | heartbeat: aruco_pose_streamer | buf=100
2026-04-08T15:06:45.080Z | heartbeat: aruco_pose_streamer | buf=100
2026-04-08T15:06:46.082Z | heartbeat: aruco_pose_streamer | buf= 91
2026-04-08T15:06:46.082Z | heartbeat: aruco_pose_streamer | buf= 91
2026-04-09T18:47:36.792Z | heartbeat: aruco_pose_streamer | buf=  1
2026-04-09T18:47:37.791Z | heartbeat: aruco_pose_streamer | buf=  2
2026-04-09T18:47:38.791Z | heartbeat: aruco_pose_streamer | buf=  3
2026-04-09T18:47:39.791Z | heartbeat: aruco_pose_streamer | buf=  4
2026-04-09T18:47:40.791Z | heartbeat: aruco_pose_streamer | buf=  5
2026-04-09T18:47:41.791Z | heartbeat: aruco_pose_streamer | buf=  6
2026-04-09T18:47:42.791Z | heartbeat: aruco_pose_streamer | buf=  7
2026-04-09T18:47:43.792Z | heartbeat: aruco_pose_streamer | buf=  8
2026-04-09T18:47:44.792Z | heartbeat: aruco_pose_streamer | buf=  9
2026-04-09T18:47:45.792Z | heartbeat: aruco_pose_streamer | buf= 10
2026-04-09T18:47:46.792Z | heartbeat: aruco_pose_streamer | buf= 11
2026-04-09T18:47:47.791Z | heartbeat: aruco_pose_streamer | buf= 12
2026-04-09T18:47:48.791Z | heartbeat: aruco_pose_streamer | buf= 13
2026-04-09T18:47:49.791Z | heartbeat: aruco_pose_streamer | buf= 14
2026-04-09T18:47:50.791Z | heartbeat: aruco_pose_streamer | buf= 15
2026-04-09T18:47:51.791Z | heartbeat: aruco_pose_streamer | buf= 16
2026-04-09T18:47:52.791Z | heartbeat: aruco_pose_streamer | buf= 17
2026-04-09T18:47:53.791Z | heartbeat: aruco_pose_streamer | buf= 18
2026-04-09T18:47:54.791Z | heartbeat: aruco_pose_streamer | buf= 19
2026-04-09T18:47:55.791Z | heartbeat: aruco_pose_streamer | buf= 20
2026-04-09T18:47:56.791Z | heartbeat: aruco_pose_streamer | buf= 21
2026-04-09T18:47:57.791Z | heartbeat: aruco_pose_streamer | buf= 22
2026-04-09T18:47:58.791Z | heartbeat: aruco_pose_streamer | buf= 23
2026-04-09T18:47:59.791Z | heartbeat: aruco_pose_streamer | buf= 24
2026-04-09T18:48:00.791Z | heartbeat: aruco_pose_streamer | buf= 25
2026-04-09T18:48:01.791Z | heartbeat: aruco_pose_streamer | buf= 26
2026-04-09T18:48:02.792Z | heartbeat: aruco_pose_streamer | buf= 27
2026-04-09T18:48:03.791Z | heartbeat: aruco_pose_streamer | buf= 28
2026-04-09T18:48:04.791Z | heartbeat: aruco_pose_streamer | buf= 29
2026-04-09T18:48:05.791Z | heartbeat: aruco_pose_streamer | buf= 30
2026-04-09T18:48:06.791Z | heartbeat: aruco_pose_streamer | buf= 31
2026-04-09T18:48:07.791Z | heartbeat: aruco_pose_streamer | buf= 32
2026-04-09T18:48:08.791Z | heartbeat: aruco_pose_streamer | buf= 33
2026-04-09T18:48:09.792Z | heartbeat: aruco_pose_streamer | buf= 34
2026-04-09T18:48:10.791Z | heartbeat: aruco_pose_streamer | buf= 35
2026-04-09T18:48:11.791Z | heartbeat: aruco_pose_streamer | buf= 36
2026-04-09T18:48:12.791Z | heartbeat: aruco_pose_streamer | buf= 37
2026-04-09T18:48:13.791Z | heartbeat: aruco_pose_streamer | buf= 38
2026-04-09T18:48:14.792Z | heartbeat: aruco_pose_streamer | buf= 39
2026-04-09T18:48:15.792Z | heartbeat: aruco_pose_streamer | buf= 40
2026-04-09T18:48:16.791Z | heartbeat: aruco_pose_streamer | buf= 41
2026-04-09T18:48:17.792Z | heartbeat: aruco_pose_streamer | buf= 42
2026-04-09T18:48:18.791Z | heartbeat: aruco_pose_streamer | buf= 43
2026-04-09T18:48:19.791Z | heartbeat: aruco_pose_streamer | buf= 44
2026-04-09T18:48:20.791Z | heartbeat: aruco_pose_streamer | buf= 45
2026-04-09T18:48:21.791Z | heartbeat: aruco_pose_streamer | buf= 46
2026-04-09T18:48:22.791Z | heartbeat: aruco_pose_streamer | buf= 47
2026-04-09T18:48:23.791Z | heartbeat: aruco_pose_streamer | buf= 48
2026-04-09T18:48:24.791Z | heartbeat: aruco_pose_streamer | buf= 49
2026-04-09T18:48:25.791Z | heartbeat: aruco_pose_streamer | buf= 50
2026-04-09T18:48:26.791Z | heartbeat: aruco_pose_streamer | buf= 51
2026-04-09T18:48:27.791Z | heartbeat: aruco_pose_streamer | buf= 52
2026-04-09T18:48:28.791Z | heartbeat: aruco_pose_streamer | buf= 53
2026-04-09T18:48:29.791Z | heartbeat: aruco_pose_streamer | buf= 54
2026-04-09T18:48:30.791Z | heartbeat: aruco_pose_streamer | buf= 55
2026-04-09T18:48:31.791Z | heartbeat: aruco_pose_streamer | buf= 56
2026-04-09T18:48:32.791Z | heartbeat: aruco_pose_streamer | buf= 57
2026-04-09T18:48:33.791Z | heartbeat: aruco_pose_streamer | buf= 58
2026-04-09T18:48:34.791Z | heartbeat: aruco_pose_streamer | buf= 59
2026-04-09T18:48:35.791Z | heartbeat: aruco_pose_streamer | buf= 60
2026-04-09T18:48:36.791Z | heartbeat: aruco_pose_streamer | buf= 61
2026-04-09T18:48:37.791Z | heartbeat: aruco_pose_streamer | buf= 62
2026-04-09T18:48:38.791Z | heartbeat: aruco_pose_streamer | buf= 63
2026-04-09T18:48:39.791Z | heartbeat: aruco_pose_streamer | buf= 64
2026-04-09T18:48:40.791Z | heartbeat: aruco_pose_streamer | buf= 65
2026-04-09T18:48:41.791Z | heartbeat: aruco_pose_streamer | buf= 66
2026-04-09T18:48:42.791Z | heartbeat: aruco_pose_streamer | buf= 67
2026-04-09T18:48:43.791Z | heartbeat: aruco_pose_streamer | buf= 68
2026-04-09T18:48:44.792Z | heartbeat: aruco_pose_streamer | buf= 69
2026-04-09T18:48:45.791Z | heartbeat: aruco_pose_streamer | buf= 70
2026-04-09T18:48:46.791Z | heartbeat: aruco_pose_streamer | buf= 71
2026-04-09T18:48:47.791Z | heartbeat: aruco_pose_streamer | buf= 72
2026-04-09T18:48:48.791Z | heartbeat: aruco_pose_streamer | buf= 73
2026-04-09T18:48:49.791Z | heartbeat: aruco_pose_streamer | buf= 74
2026-04-09T18:48:50.791Z | heartbeat: aruco_pose_streamer | buf= 75
2026-04-09T18:48:51.791Z | heartbeat: aruco_pose_streamer | buf= 76
2026-04-09T18:48:52.791Z | heartbeat: aruco_pose_streamer | buf= 77
2026-04-09T18:48:53.791Z | heartbeat: aruco_pose_streamer | buf= 78
2026-04-09T18:48:54.791Z | heartbeat: aruco_pose_streamer | buf= 79
2026-04-09T18:48:55.791Z | heartbeat: aruco_pose_streamer | buf= 80
2026-04-09T18:48:56.791Z | heartbeat: aruco_pose_streamer | buf= 81
2026-04-09T18:48:57.791Z | heartbeat: aruco_pose_streamer | buf= 82
2026-04-09T18:48:58.791Z | heartbeat: aruco_pose_streamer | buf= 83
2026-04-09T18:48:59.791Z | heartbeat: aruco_pose_streamer | buf= 84
2026-04-09T18:49:00.791Z | heartbeat: aruco_pose_streamer | buf= 85
2026-04-09T18:49:01.791Z | heartbeat: aruco_pose_streamer | buf= 86
2026-04-09T18:49:02.791Z | heartbeat: aruco_pose_streamer | buf= 87
2026-04-09T18:49:03.791Z | heartbeat: aruco_pose_streamer | buf= 88
2026-04-09T18:49:04.791Z | heartbeat: aruco_pose_streamer | buf= 89
2026-04-09T18:49:05.791Z | heartbeat: aruco_pose_streamer | buf= 90
2026-04-09T18:49:06.791Z | heartbeat: aruco_pose_streamer | buf= 91
2026-04-09T18:49:07.791Z | heartbeat: aruco_pose_streamer | buf= 92
2026-04-09T18:49:08.791Z | heartbeat: aruco_pose_streamer | buf= 93
2026-04-09T18:49:09.791Z | heartbeat: aruco_pose_streamer | buf= 94
2026-04-09T18:49:10.791Z | heartbeat: aruco_pose_streamer | buf= 95
2026-04-09T18:49:11.791Z | heartbeat: aruco_pose_streamer | buf= 96
2026-04-09T18:49:12.791Z | heartbeat: aruco_pose_streamer | buf= 97
2026-04-09T18:49:13.791Z | heartbeat: aruco_pose_streamer | buf= 98
2026-04-09T18:49:14.792Z | heartbeat: aruco_pose_streamer | buf= 99
2026-04-09T18:49:15.791Z | heartbeat: aruco_pose_streamer | buf=100
2026-04-09T18:49:16.791Z | heartbeat: aruco_pose_streamer | buf= 91
2026-04-09T18:49:17.791Z | heartbeat: aruco_pose_streamer | buf= 92
2026-04-09T18:49:18.792Z | heartbeat: aruco_pose_streamer | buf= 93
2026-04-09T18:49:19.792Z | heartbeat: aruco_pose_streamer | buf= 94
2026-04-09T18:49:20.791Z | heartbeat: aruco_pose_streamer | buf= 95
2026-04-09T18:49:21.791Z | heartbeat: aruco_pose_streamer | buf= 96
2026-04-09T18:49:22.791Z | heartbeat: aruco_pose_streamer | buf= 97
2026-04-09T18:49:23.791Z | heartbeat: aruco_pose_streamer | buf= 98
2026-04-09T18:49:24.791Z | heartbeat: aruco_pose_streamer | buf= 99
2026-04-09T18:49:25.791Z | heartbeat: aruco_pose_streamer | buf=100
2026-04-09T18:49:26.791Z | heartbeat: aruco_pose_streamer | buf= 91
2026-04-09T18:49:27.791Z | heartbeat: aruco_pose_streamer | buf= 92
2026-04-09T18:49:28.791Z | heartbeat: aruco_pose_streamer | buf= 93
2026-04-09T18:49:29.792Z | heartbeat: aruco_pose_streamer | buf= 94
2026-04-09T18:49:30.791Z | heartbeat: aruco_pose_streamer | buf= 95
2026-04-09T18:49:31.791Z | heartbeat: aruco_pose_streamer | buf= 96
2026-04-09T18:49:32.791Z | heartbeat: aruco_pose_streamer | buf= 97
2026-04-09T18:49:33.791Z | heartbeat: aruco_pose_streamer | buf= 98
2026-04-09T18:49:34.791Z | heartbeat: aruco_pose_streamer | buf= 99
2026-04-09T18:49:35.791Z | heartbeat: aruco_pose_streamer | buf=100
2026-04-09T18:49:36.791Z | heartbeat: aruco_pose_streamer | buf= 91
2026-04-09T18:49:37.791Z | heartbeat: aruco_pose_streamer | buf= 92
2026-04-09T18:49:38.791Z | heartbeat: aruco_pose_streamer | buf= 93
2026-04-09T18:49:39.791Z | heartbeat: aruco_pose_streamer | buf= 94
2026-04-09T18:49:40.791Z | heartbeat: aruco_pose_streamer | buf= 95
2026-04-09T18:49:41.791Z | heartbeat: aruco_pose_streamer | buf= 96
2026-04-09T18:49:42.791Z | heartbeat: aruco_pose_streamer | buf= 97
2026-04-09T18:49:43.791Z | heartbeat: aruco_pose_streamer | buf= 98
2026-04-09T18:49:44.791Z | heartbeat: aruco_pose_streamer | buf= 99
2026-04-09T18:49:45.791Z | heartbeat: aruco_pose_streamer | buf=100
2026-04-09T18:49:46.791Z | heartbeat: aruco_pose_streamer | buf= 91
2026-04-09T18:49:47.791Z | heartbeat: aruco_pose_streamer | buf= 92
2026-04-09T18:49:48.791Z | heartbeat: aruco_pose_streamer | buf= 93
2026-04-09T18:49:49.791Z | heartbeat: aruco_pose_streamer | buf= 94
2026-04-09T18:49:50.791Z | heartbeat: aruco_pose_streamer | buf= 95
2026-04-09T18:49:51.791Z | heartbeat: aruco_pose_streamer | buf= 96
2026-04-09T18:49:52.791Z | heartbeat: aruco_pose_streamer | buf= 97
2026-04-09T18:49:53.791Z | heartbeat: aruco_pose_streamer | buf= 98
2026-04-09T18:49:54.791Z | heartbeat: aruco_pose_streamer | buf= 99
2026-04-09T18:49:55.791Z | heartbeat: aruco_pose_streamer | buf=100
2026-04-09T18:49:56.791Z | heartbeat: aruco_pose_streamer | buf= 91
2026-04-09T18:49:57.791Z | heartbeat: aruco_pose_streamer | buf= 92
2026-04-09T18:49:58.791Z | heartbeat: aruco_pose_streamer | buf= 93
2026-04-09T18:49:59.791Z | heartbeat: aruco_pose_streamer | buf= 94
2026-04-09T18:50:00.791Z | heartbeat: aruco_pose_streamer | buf= 95
2026-04-09T18:50:01.791Z | heartbeat: aruco_pose_streamer | buf= 96
2026-04-09T18:50:02.791Z | heartbeat: aruco_pose_streamer | buf= 97
2026-04-09T18:50:03.791Z | heartbeat: aruco_pose_streamer | buf= 98
2026-04-09T18:50:04.791Z | heartbeat: aruco_pose_streamer | buf= 99
2026-04-09T18:50:05.791Z | heartbeat: aruco_pose_streamer | buf=100
2026-04-09T18:50:06.791Z | heartbeat: aruco_pose_streamer | buf= 91
2026-04-09T18:50:07.791Z | heartbeat: aruco_pose_streamer | buf= 92
2026-04-09T18:50:08.791Z | heartbeat: aruco_pose_streamer | buf= 93
2026-04-09T18:50:09.791Z | heartbeat: aruco_pose_streamer | buf= 94
2026-04-09T18:50:10.791Z | heartbeat: aruco_pose_streamer | buf= 95
2026-04-09T18:50:11.791Z | heartbeat: aruco_pose_streamer | buf= 96
2026-04-09T18:50:12.791Z | heartbeat: aruco_pose_streamer | buf= 97
2026-04-09T18:50:13.791Z | heartbeat: aruco_pose_streamer | buf= 98
2026-04-09T18:50:14.791Z | heartbeat: aruco_pose_streamer | buf= 99
2026-04-09T18:50:15.791Z | heartbeat: aruco_pose_streamer | buf=100
2026-04-09T18:50:16.791Z | heartbeat: aruco_pose_streamer | buf= 91
2026-04-09T18:50:17.792Z | heartbeat: aruco_pose_streamer | buf= 92
2026-04-09T18:50:18.792Z | heartbeat: aruco_pose_streamer | buf= 93
2026-04-09T18:50:19.792Z | heartbeat: aruco_pose_streamer | buf= 94
2026-04-09T18:50:20.791Z | heartbeat: aruco_pose_streamer | buf= 95
2026-04-09T18:50:21.791Z | heartbeat: aruco_pose_streamer | buf= 96
2026-04-09T18:50:22.791Z | heartbeat: aruco_pose_streamer | buf= 97
2026-04-09T18:50:23.791Z | heartbeat: aruco_pose_streamer | buf= 98
2026-04-09T18:50:24.791Z | heartbeat: aruco_pose_streamer | buf= 99
2026-04-09T18:50:25.791Z | heartbeat: aruco_pose_streamer | buf=100
2026-04-09T18:50:26.791Z | heartbeat: aruco_pose_streamer | buf= 91
2026-04-09T18:50:27.791Z | heartbeat: aruco_pose_streamer | buf= 92
2026-04-09T18:50:28.791Z | heartbeat: aruco_pose_streamer | buf= 93
2026-04-09T18:50:29.791Z | heartbeat: aruco_pose_streamer | buf= 94
2026-04-09T18:50:30.791Z | heartbeat: aruco_pose_streamer | buf= 95
2026-04-09T18:50:31.791Z | heartbeat: aruco_pose_streamer | buf= 96
2026-04-09T18:50:32.791Z | heartbeat: aruco_pose_streamer | buf= 97
2026-04-09T18:50:33.791Z | heartbeat: aruco_pose_streamer | buf= 98
2026-04-09T18:50:34.791Z | heartbeat: aruco_pose_streamer | buf= 99
2026-04-09T18:50:35.791Z | heartbeat: aruco_pose_streamer | buf=100
2026-04-09T18:50:36.791Z | heartbeat: aruco_pose_streamer | buf= 91
2026-04-09T18:50:37.791Z | heartbeat: aruco_pose_streamer | buf= 92
2026-04-09T18:50:38.791Z | heartbeat: aruco_pose_streamer | buf= 93
2026-04-09T18:50:39.791Z | heartbeat: aruco_pose_streamer | buf= 94
2026-04-09T18:50:40.792Z | heartbeat: aruco_pose_streamer | buf= 95
2026-04-09T18:50:41.791Z | heartbeat: aruco_pose_streamer | buf= 96
2026-04-09T18:50:42.791Z | heartbeat: aruco_pose_streamer | buf= 97
2026-04-09T18:50:43.791Z | heartbeat: aruco_pose_streamer | buf= 98
2026-04-09T18:50:44.791Z | heartbeat: aruco_pose_streamer | buf= 99
2026-04-09T18:50:45.791Z | heartbeat: aruco_pose_streamer | buf=100
2026-04-09T18:50:46.791Z | heartbeat: aruco_pose_streamer | buf= 91
2026-04-09T18:50:47.791Z | heartbeat: aruco_pose_streamer | buf= 92
2026-04-09T18:50:48.791Z | heartbeat: aruco_pose_streamer | buf= 93
2026-04-09T18:50:49.791Z | heartbeat: aruco_pose_streamer | buf= 94
2026-04-09T18:50:50.791Z | heartbeat: aruco_pose_streamer | buf= 95
2026-04-09T18:50:51.791Z | heartbeat: aruco_pose_streamer | buf= 96
2026-04-09T18:50:52.791Z | heartbeat: aruco_pose_streamer | buf= 97
2026-04-09T18:50:53.791Z | heartbeat: aruco_pose_streamer | buf= 98
2026-04-09T18:50:54.791Z | heartbeat: aruco_pose_streamer | buf= 99
2026-04-09T18:50:55.791Z | heartbeat: aruco_pose_streamer | buf=100
2026-04-09T18:50:56.791Z | heartbeat: aruco_pose_streamer | buf= 91
2026-04-09T18:50:57.791Z | heartbeat: aruco_pose_streamer | buf= 92
2026-04-09T18:50:58.791Z | heartbeat: aruco_pose_streamer | buf= 93
2026-04-09T18:50:59.791Z | heartbeat: aruco_pose_streamer | buf= 94
2026-04-09T18:51:00.791Z | heartbeat: aruco_pose_streamer | buf= 95
2026-04-09T18:51:01.792Z | heartbeat: aruco_pose_streamer | buf= 96
2026-04-09T18:51:02.791Z | heartbeat: aruco_pose_streamer | buf= 97
2026-04-09T18:51:03.791Z | heartbeat: aruco_pose_streamer | buf= 98
2026-04-09T18:51:04.791Z | heartbeat: aruco_pose_streamer | buf= 99
2026-04-09T18:51:05.791Z | heartbeat: aruco_pose_streamer | buf=100
2026-04-09T18:51:06.791Z | heartbeat: aruco_pose_streamer | buf= 91
2026-04-09T18:51:07.791Z | heartbeat: aruco_pose_streamer | buf= 92
2026-04-09T18:51:08.791Z | heartbeat: aruco_pose_streamer | buf= 93
2026-04-09T18:51:09.791Z | heartbeat: aruco_pose_streamer | buf= 94
2026-04-09T18:51:10.791Z | heartbeat: aruco_pose_streamer | buf= 95
2026-04-09T18:51:11.792Z | heartbeat: aruco_pose_streamer | buf= 96
2026-04-09T18:51:12.791Z | heartbeat: aruco_pose_streamer | buf= 97
2026-04-09T18:51:13.791Z | heartbeat: aruco_pose_streamer | buf= 98
2026-04-09T18:51:14.791Z | heartbeat: aruco_pose_streamer | buf= 99
2026-04-09T18:51:15.792Z | heartbeat: aruco_pose_streamer | buf=100
2026-04-09T18:51:16.791Z | heartbeat: aruco_pose_streamer | buf= 91
2026-04-09T18:51:17.791Z | heartbeat: aruco_pose_streamer | buf= 92
2026-04-09T18:51:18.791Z | heartbeat: aruco_pose_streamer | buf= 93
2026-04-09T18:51:19.792Z | heartbeat: aruco_pose_streamer | buf= 94
2026-04-09T18:51:20.792Z | heartbeat: aruco_pose_streamer | buf= 95
2026-04-09T18:51:21.792Z | heartbeat: aruco_pose_streamer | buf= 96
2026-04-09T18:51:22.791Z | heartbeat: aruco_pose_streamer | buf= 97
2026-04-09T18:51:23.791Z | heartbeat: aruco_pose_streamer | buf= 98
2026-04-09T18:51:24.791Z | heartbeat: aruco_pose_streamer | buf= 99
2026-04-09T18:51:25.791Z | heartbeat: aruco_pose_streamer | buf=100
2026-04-09T18:51:26.791Z | heartbeat: aruco_pose_streamer | buf= 91
2026-04-09T18:51:27.791Z | heartbeat: aruco_pose_streamer | buf= 92
2026-04-09T18:51:28.791Z | heartbeat: aruco_pose_streamer | buf= 93
2026-04-09T18:51:29.791Z | heartbeat: aruco_pose_streamer | buf= 94
2026-04-09T18:51:30.791Z | heartbeat: aruco_pose_streamer | buf= 95
2026-04-09T18:51:31.792Z | heartbeat: aruco_pose_streamer | buf= 96
2026-04-09T18:51:32.792Z | heartbeat: aruco_pose_streamer | buf= 97
2026-04-09T18:51:33.791Z | heartbeat: aruco_pose_streamer | buf= 98
2026-04-09T18:51:34.791Z | heartbeat: aruco_pose_streamer | buf= 99
2026-04-09T18:51:35.791Z | heartbeat: aruco_pose_streamer | buf=100
2026-04-09T18:51:36.792Z | heartbeat: aruco_pose_streamer | buf= 91
2026-04-09T18:51:37.792Z | heartbeat: aruco_pose_streamer | buf= 92
2026-04-09T18:51:38.791Z | heartbeat: aruco_pose_streamer | buf= 93
2026-04-09T18:51:39.792Z | heartbeat: aruco_pose_streamer | buf= 94
2026-04-09T18:51:40.791Z | heartbeat: aruco_pose_streamer | buf= 95
2026-04-09T18:51:41.791Z | heartbeat: aruco_pose_streamer | buf= 96
2026-04-09T18:51:42.792Z | heartbeat: aruco_pose_streamer | buf= 97
2026-04-09T18:51:43.791Z | heartbeat: aruco_pose_streamer | buf= 98
2026-04-09T18:51:44.791Z | heartbeat: aruco_pose_streamer | buf= 99
2026-04-09T18:51:45.792Z | heartbeat: aruco_pose_streamer | buf=100
2026-04-09T18:51:46.791Z | heartbeat: aruco_pose_streamer | buf= 91
2026-04-09T18:51:47.791Z | heartbeat: aruco_pose_streamer | buf= 92
2026-04-09T18:51:48.791Z | heartbeat: aruco_pose_streamer | buf= 93
2026-04-09T18:51:49.791Z | heartbeat: aruco_pose_streamer | buf= 94
2026-04-09T18:51:50.791Z | heartbeat: aruco_pose_streamer | buf= 95
2026-04-09T18:51:51.791Z | heartbeat: aruco_pose_streamer | buf= 96
2026-04-09T18:51:52.791Z | heartbeat: aruco_pose_streamer | buf= 97
2026-04-09T18:51:53.791Z | heartbeat: aruco_pose_streamer | buf= 98
2026-04-09T18:51:54.791Z | heartbeat: aruco_pose_streamer | buf= 99
2026-04-09T18:51:55.791Z | heartbeat: aruco_pose_streamer | buf=100
2026-04-09T18:51:56.791Z | heartbeat: aruco_pose_streamer | buf= 91
2026-04-09T18:51:57.791Z | heartbeat: aruco_pose_streamer | buf= 92
2026-04-09T18:51:58.792Z | heartbeat: aruco_pose_streamer | buf= 93
2026-04-09T18:51:59.792Z | heartbeat: aruco_pose_streamer | buf= 94
2026-04-09T18:52:00.792Z | heartbeat: aruco_pose_streamer | buf= 95
2026-04-09T18:52:01.792Z | heartbeat: aruco_pose_streamer | buf= 96
2026-04-09T18:52:02.791Z | heartbeat: aruco_pose_streamer | buf= 97
2026-04-09T18:52:03.791Z | heartbeat: aruco_pose_streamer | buf= 98
2026-04-09T18:52:04.791Z | heartbeat: aruco_pose_streamer | buf= 99
2026-04-09T18:52:05.791Z | heartbeat: aruco_pose_streamer | buf=100
2026-04-09T18:52:06.791Z | heartbeat: aruco_pose_streamer | buf= 91
2026-04-09T18:52:07.791Z | heartbeat: aruco_pose_streamer | buf= 92
2026-04-09T18:52:08.791Z | heartbeat: aruco_pose_streamer | buf= 93
2026-04-09T18:52:09.791Z | heartbeat: aruco_pose_streamer | buf= 94
2026-04-09T18:52:10.791Z | heartbeat: aruco_pose_streamer | buf= 95
2026-04-09T18:52:11.791Z | heartbeat: aruco_pose_streamer | buf= 96
2026-04-09T18:52:12.791Z | heartbeat: aruco_pose_streamer | buf= 97
2026-04-09T18:52:13.791Z | heartbeat: aruco_pose_streamer | buf= 98
2026-04-09T18:52:14.792Z | heartbeat: aruco_pose_streamer | buf= 99
2026-04-09T18:52:15.791Z | heartbeat: aruco_pose_streamer | buf=100
2026-04-09T18:52:16.791Z | heartbeat: aruco_pose_streamer | buf= 91
2026-04-09T18:52:17.791Z | heartbeat: aruco_pose_streamer | buf= 92
2026-04-09T18:52:18.791Z | heartbeat: aruco_pose_streamer | buf= 93
2026-04-09T18:52:19.791Z | heartbeat: aruco_pose_streamer | buf= 94
2026-04-09T18:52:20.791Z | heartbeat: aruco_pose_streamer | buf= 95
2026-04-09T18:52:21.791Z | heartbeat: aruco_pose_streamer | buf= 96
2026-04-09T18:52:22.791Z | heartbeat: aruco_pose_streamer | buf= 97
2026-04-09T18:52:23.792Z | heartbeat: aruco_pose_streamer | buf= 98
2026-04-09T18:52:24.791Z | heartbeat: aruco_pose_streamer | buf= 99
2026-04-09T18:52:25.791Z | heartbeat: aruco_pose_streamer | buf=100
2026-04-09T18:52:26.791Z | heartbeat: aruco_pose_streamer | buf= 91
2026-04-09T18:52:27.791Z | heartbeat: aruco_pose_streamer | buf= 92
2026-04-09T18:52:28.791Z | heartbeat: aruco_pose_streamer | buf= 93
2026-04-09T18:52:29.791Z | heartbeat: aruco_pose_streamer | buf= 94
2026-04-09T18:52:30.792Z | heartbeat: aruco_pose_streamer | buf= 95
2026-04-09T18:52:31.792Z | heartbeat: aruco_pose_streamer | buf= 96
2026-04-09T18:52:32.791Z | heartbeat: aruco_pose_streamer | buf= 97
2026-04-09T18:52:33.792Z | heartbeat: aruco_pose_streamer | buf= 98
2026-04-09T18:52:34.792Z | heartbeat: aruco_pose_streamer | buf= 99
2026-04-09T18:52:35.791Z | heartbeat: aruco_pose_streamer | buf=100
2026-04-09T18:52:36.791Z | heartbeat: aruco_pose_streamer | buf= 91
2026-04-09T18:52:37.791Z | heartbeat: aruco_pose_streamer | buf= 92
2026-04-09T18:52:38.791Z | heartbeat: aruco_pose_streamer | buf= 93
2026-04-09T18:52:39.791Z | heartbeat: aruco_pose_streamer | buf= 94
2026-04-09T18:52:40.791Z | heartbeat: aruco_pose_streamer | buf= 95
2026-04-09T18:52:41.791Z | heartbeat: aruco_pose_streamer | buf= 96
2026-04-09T18:52:42.791Z | heartbeat: aruco_pose_streamer | buf= 97
2026-04-09T18:52:43.791Z | heartbeat: aruco_pose_streamer | buf= 98
2026-04-09T18:52:44.791Z | heartbeat: aruco_pose_streamer | buf= 99
2026-04-09T18:52:45.791Z | heartbeat: aruco_pose_streamer | buf=100
2026-04-09T18:52:46.791Z | heartbeat: aruco_pose_streamer | buf= 91
2026-04-09T18:52:47.792Z | heartbeat: aruco_pose_streamer | buf= 92
2026-04-09T18:52:48.791Z | heartbeat: aruco_pose_streamer | buf= 93
2026-04-09T18:52:49.791Z | heartbeat: aruco_pose_streamer | buf= 94
2026-04-09T18:52:50.791Z | heartbeat: aruco_pose_streamer | buf= 95
2026-04-09T18:52:51.791Z | heartbeat: aruco_pose_streamer | buf= 96
2026-04-09T18:52:52.792Z | heartbeat: aruco_pose_streamer | buf= 97
2026-04-09T18:52:53.792Z | heartbeat: aruco_pose_streamer | buf= 98
2026-04-09T18:52:54.792Z | heartbeat: aruco_pose_streamer | buf= 99
2026-04-09T18:52:55.792Z | heartbeat: aruco_pose_streamer | buf=100
2026-04-09T18:52:56.792Z | heartbeat: aruco_pose_streamer | buf= 91
2026-04-09T18:52:57.792Z | heartbeat: aruco_pose_streamer | buf= 92
2026-04-09T10:59:38.284Z | heartbeat: aruco_pose_streamer | buf=  1
2026-04-09T10:59:39.284Z | heartbeat: aruco_pose_streamer | buf=  2
2026-04-09T10:59:40.284Z | heartbeat: aruco_pose_streamer | buf=  3
2026-04-09T10:59:41.284Z | heartbeat: aruco_pose_streamer | buf=  4
2026-04-09T10:59:42.284Z | heartbeat: aruco_pose_streamer | buf=  5
2026-04-09T10:59:43.284Z | heartbeat: aruco_pose_streamer | buf=  6
2026-04-09T10:59:44.284Z | heartbeat: aruco_pose_streamer | buf=  7
2026-04-09T10:59:45.284Z | heartbeat: aruco_pose_streamer | buf=  8
2026-04-09T10:59:46.284Z | heartbeat: aruco_pose_streamer | buf=  9
2026-04-09T10:59:47.284Z | heartbeat: aruco_pose_streamer | buf= 10
2026-04-09T10:59:48.284Z | heartbeat: aruco_pose_streamer | buf= 11
2026-04-09T10:59:49.284Z | heartbeat: aruco_pose_streamer | buf= 12
2026-04-09T10:59:50.284Z | heartbeat: aruco_pose_streamer | buf= 13
2026-04-09T10:59:51.284Z | heartbeat: aruco_pose_streamer | buf= 14
2026-04-09T10:59:52.284Z | heartbeat: aruco_pose_streamer | buf= 15
2026-04-09T10:59:53.287Z | heartbeat: aruco_pose_streamer | buf= 16
2026-04-09T10:59:54.284Z | heartbeat: aruco_pose_streamer | buf= 17
2026-04-09T10:59:55.284Z | heartbeat: aruco_pose_streamer | buf= 18
2026-04-09T10:59:56.284Z | heartbeat: aruco_pose_streamer | buf= 19
2026-04-09T10:59:57.284Z | heartbeat: aruco_pose_streamer | buf= 20
2026-04-09T10:59:58.284Z | heartbeat: aruco_pose_streamer | buf= 21
2026-04-09T10:59:59.284Z | heartbeat: aruco_pose_streamer | buf= 22
2026-04-09T11:00:00.284Z | heartbeat: aruco_pose_streamer | buf= 23
2026-04-09T11:00:01.284Z | heartbeat: aruco_pose_streamer | buf= 24
2026-04-09T11:00:02.284Z | heartbeat: aruco_pose_streamer | buf= 25
2026-04-09T11:00:03.284Z | heartbeat: aruco_pose_streamer | buf= 26
2026-04-09T11:00:04.284Z | heartbeat: aruco_pose_streamer | buf= 27
2026-04-09T11:00:05.284Z | heartbeat: aruco_pose_streamer | buf= 28
2026-04-09T11:00:06.284Z | heartbeat: aruco_pose_streamer | buf= 29
2026-04-09T11:00:07.284Z | heartbeat: aruco_pose_streamer | buf= 30
2026-04-09T11:00:08.284Z | heartbeat: aruco_pose_streamer | buf= 31
2026-04-09T11:00:09.284Z | heartbeat: aruco_pose_streamer | buf= 32
2026-04-09T11:00:10.284Z | heartbeat: aruco_pose_streamer | buf= 33
2026-04-09T11:00:11.284Z | heartbeat: aruco_pose_streamer | buf= 34
2026-04-09T11:00:12.284Z | heartbeat: aruco_pose_streamer | buf= 35
2026-04-09T11:00:13.284Z | heartbeat: aruco_pose_streamer | buf= 36
2026-04-09T11:00:14.284Z | heartbeat: aruco_pose_streamer | buf= 37
2026-04-09T11:00:15.284Z | heartbeat: aruco_pose_streamer | buf= 38
2026-04-09T11:00:16.284Z | heartbeat: aruco_pose_streamer | buf= 39
2026-04-09T11:00:17.284Z | heartbeat: aruco_pose_streamer | buf= 40
2026-04-09T11:00:18.284Z | heartbeat: aruco_pose_streamer | buf= 41
2026-04-09T11:00:19.284Z | heartbeat: aruco_pose_streamer | buf= 42
2026-04-09T11:00:20.284Z | heartbeat: aruco_pose_streamer | buf= 43
2026-04-09T11:00:21.284Z | heartbeat: aruco_pose_streamer | buf= 44
2026-04-09T11:00:22.284Z | heartbeat: aruco_pose_streamer | buf= 45
2026-04-09T11:00:23.284Z | heartbeat: aruco_pose_streamer | buf= 46
2026-04-09T11:00:24.284Z | heartbeat: aruco_pose_streamer | buf= 47
2026-04-09T11:00:25.284Z | heartbeat: aruco_pose_streamer | buf= 48
2026-04-09T11:00:26.284Z | heartbeat: aruco_pose_streamer | buf= 49
2026-04-09T11:00:27.284Z | heartbeat: aruco_pose_streamer | buf= 50
2026-04-09T11:00:28.284Z | heartbeat: aruco_pose_streamer | buf= 51
2026-04-09T11:00:29.284Z | heartbeat: aruco_pose_streamer | buf= 52
2026-04-09T11:00:30.284Z | heartbeat: aruco_pose_streamer | buf= 53
2026-04-09T11:00:31.284Z | heartbeat: aruco_pose_streamer | buf= 54
2026-04-09T11:00:32.284Z | heartbeat: aruco_pose_streamer | buf= 55
2026-04-09T11:00:33.284Z | heartbeat: aruco_pose_streamer | buf= 56
2026-04-09T11:00:34.284Z | heartbeat: aruco_pose_streamer | buf= 57
2026-04-09T11:00:35.284Z | heartbeat: aruco_pose_streamer | buf= 58
2026-04-09T11:00:36.284Z | heartbeat: aruco_pose_streamer | buf= 59
2026-04-09T11:00:37.284Z | heartbeat: aruco_pose_streamer | buf= 60
2026-04-09T11:00:38.284Z | heartbeat: aruco_pose_streamer | buf= 61
2026-04-09T11:00:39.284Z | heartbeat: aruco_pose_streamer | buf= 62
2026-04-09T11:00:40.284Z | heartbeat: aruco_pose_streamer | buf= 63
2026-04-09T11:00:41.284Z | heartbeat: aruco_pose_streamer | buf= 64
2026-04-09T11:00:42.284Z | heartbeat: aruco_pose_streamer | buf= 65
2026-04-09T11:00:43.284Z | heartbeat: aruco_pose_streamer | buf= 66
2026-04-09T11:00:44.284Z | heartbeat: aruco_pose_streamer | buf= 67
2026-04-09T11:00:45.284Z | heartbeat: aruco_pose_streamer | buf= 68
2026-04-09T11:00:46.284Z | heartbeat: aruco_pose_streamer | buf= 69
2026-04-09T11:00:47.284Z | heartbeat: aruco_pose_streamer | buf= 70
2026-04-09T11:00:48.284Z | heartbeat: aruco_pose_streamer | buf= 71
2026-04-09T11:00:49.284Z | heartbeat: aruco_pose_streamer | buf= 72
2026-04-09T11:00:50.284Z | heartbeat: aruco_pose_streamer | buf= 73
2026-04-09T11:00:51.284Z | heartbeat: aruco_pose_streamer | buf= 74
2026-04-09T11:00:52.284Z | heartbeat: aruco_pose_streamer | buf= 75
2026-04-09T11:00:53.284Z | heartbeat: aruco_pose_streamer | buf= 76
2026-04-09T11:00:54.284Z | heartbeat: aruco_pose_streamer | buf= 77
2026-04-09T11:00:55.284Z | heartbeat: aruco_pose_streamer | buf= 78
2026-04-09T11:00:56.284Z | heartbeat: aruco_pose_streamer | buf= 79
2026-04-09T11:00:57.284Z | heartbeat: aruco_pose_streamer | buf= 80
2026-04-09T11:00:58.284Z | heartbeat: aruco_pose_streamer | buf= 81
2026-04-09T11:00:59.284Z | heartbeat: aruco_pose_streamer | buf= 82
2026-04-09T11:01:00.284Z | heartbeat: aruco_pose_streamer | buf= 83
2026-04-09T11:01:01.284Z | heartbeat: aruco_pose_streamer | buf= 84
2026-04-09T11:01:02.284Z | heartbeat: aruco_pose_streamer | buf= 85
2026-04-09T11:01:03.284Z | heartbeat: aruco_pose_streamer | buf= 86
2026-04-09T11:01:04.284Z | heartbeat: aruco_pose_streamer | buf= 87
2026-04-09T11:01:05.284Z | heartbeat: aruco_pose_streamer | buf= 88
2026-04-09T11:01:06.284Z | heartbeat: aruco_pose_streamer | buf= 89
2026-04-09T11:01:07.284Z | heartbeat: aruco_pose_streamer | buf= 90
2026-04-09T11:01:08.284Z | heartbeat: aruco_pose_streamer | buf= 91
2026-04-09T11:01:09.284Z | heartbeat: aruco_pose_streamer | buf= 92
2026-04-09T11:01:10.284Z | heartbeat: aruco_pose_streamer | buf= 93
2026-04-09T11:01:11.284Z | heartbeat: aruco_pose_streamer | buf= 94
2026-04-09T11:01:12.284Z | heartbeat: aruco_pose_streamer | buf= 95
2026-04-09T11:01:13.284Z | heartbeat: aruco_pose_streamer | buf= 96
2026-04-09T11:01:14.284Z | heartbeat: aruco_pose_streamer | buf= 97
2026-04-09T11:01:15.284Z | heartbeat: aruco_pose_streamer | buf= 98
2026-04-09T11:01:16.284Z | heartbeat: aruco_pose_streamer | buf= 99
2026-04-09T11:01:17.284Z | heartbeat: aruco_pose_streamer | buf=100
2026-04-09T11:01:18.284Z | heartbeat: aruco_pose_streamer | buf= 91
2026-04-09T11:01:19.284Z | heartbeat: aruco_pose_streamer | buf= 92
2026-04-09T11:01:20.284Z | heartbeat: aruco_pose_streamer | buf= 93
2026-04-09T11:01:21.284Z | heartbeat: aruco_pose_streamer | buf= 94
2026-04-09T11:01:22.284Z | heartbeat: aruco_pose_streamer | buf= 95
2026-04-09T11:01:23.284Z | heartbeat: aruco_pose_streamer | buf= 96
2026-04-09T11:01:24.284Z | heartbeat: aruco_pose_streamer | buf= 97
2026-04-09T11:01:25.284Z | heartbeat: aruco_pose_streamer | buf= 98
2026-04-09T11:01:26.284Z | heartbeat: aruco_pose_streamer | buf= 99
2026-04-09T11:01:27.284Z | heartbeat: aruco_pose_streamer | buf=100
2026-04-09T11:01:28.284Z | heartbeat: aruco_pose_streamer | buf= 91
2026-04-09T11:01:29.284Z | heartbeat: aruco_pose_streamer | buf= 92
2026-04-09T11:01:30.284Z | heartbeat: aruco_pose_streamer | buf= 93
2026-04-09T11:01:31.284Z | heartbeat: aruco_pose_streamer | buf= 94
2026-04-09T11:01:32.284Z | heartbeat: aruco_pose_streamer | buf= 95
2026-04-09T11:01:33.284Z | heartbeat: aruco_pose_streamer | buf= 96
2026-04-09T11:01:34.284Z | heartbeat: aruco_pose_streamer | buf= 97
2026-04-09T11:01:35.284Z | heartbeat: aruco_pose_streamer | buf= 98
2026-04-09T11:01:36.284Z | heartbeat: aruco_pose_streamer | buf= 99
2026-04-09T11:01:37.284Z | heartbeat: aruco_pose_streamer | buf=100
2026-04-09T11:01:38.284Z | heartbeat: aruco_pose_streamer | buf= 91
2026-04-09T11:01:39.284Z | heartbeat: aruco_pose_streamer | buf= 92
2026-04-09T11:01:40.284Z | heartbeat: aruco_pose_streamer | buf= 93
2026-04-09T11:01:41.284Z | heartbeat: aruco_pose_streamer | buf= 94
2026-04-09T11:01:42.284Z | heartbeat: aruco_pose_streamer | buf= 95
2026-04-09T11:01:43.284Z | heartbeat: aruco_pose_streamer | buf= 96
2026-04-09T11:01:44.284Z | heartbeat: aruco_pose_streamer | buf= 97
2026-04-09T11:01:45.284Z | heartbeat: aruco_pose_streamer | buf= 98
2026-04-09T11:01:46.284Z | heartbeat: aruco_pose_streamer | buf= 99
2026-04-09T11:01:47.284Z | heartbeat: aruco_pose_streamer | buf=100
2026-04-09T11:01:48.284Z | heartbeat: aruco_pose_streamer | buf= 91
2026-04-09T11:01:49.284Z | heartbeat: aruco_pose_streamer | buf= 92
2026-04-09T11:01:50.284Z | heartbeat: aruco_pose_streamer | buf= 93
2026-04-09T11:01:51.284Z | heartbeat: aruco_pose_streamer | buf= 94
2026-04-09T11:01:52.284Z | heartbeat: aruco_pose_streamer | buf= 95
2026-04-09T11:01:53.284Z | heartbeat: aruco_pose_streamer | buf= 96
2026-04-09T11:01:54.284Z | heartbeat: aruco_pose_streamer | buf= 97
2026-04-09T11:01:55.284Z | heartbeat: aruco_pose_streamer | buf= 98
2026-04-09T11:01:56.284Z | heartbeat: aruco_pose_streamer | buf= 99
2026-04-09T11:01:57.284Z | heartbeat: aruco_pose_streamer | buf=100
2026-04-09T11:01:58.284Z | heartbeat: aruco_pose_streamer | buf= 91
2026-04-09T11:01:59.284Z | heartbeat: aruco_pose_streamer | buf= 92
2026-04-09T11:02:00.284Z | heartbeat: aruco_pose_streamer | buf= 93
2026-04-09T11:02:01.284Z | heartbeat: aruco_pose_streamer | buf= 94
2026-04-09T11:02:02.284Z | heartbeat: aruco_pose_streamer | buf= 95
2026-04-09T11:02:03.284Z | heartbeat: aruco_pose_streamer | buf= 96
2026-04-09T11:02:04.284Z | heartbeat: aruco_pose_streamer | buf= 97
2026-04-09T11:02:05.284Z | heartbeat: aruco_pose_streamer | buf= 98
2026-04-09T11:02:06.284Z | heartbeat: aruco_pose_streamer | buf= 99
2026-04-09T11:02:07.284Z | heartbeat: aruco_pose_streamer | buf=100
2026-04-09T11:02:08.284Z | heartbeat: aruco_pose_streamer | buf= 91
2026-04-09T11:02:09.284Z | heartbeat: aruco_pose_streamer | buf= 92
2026-04-09T11:02:10.284Z | heartbeat: aruco_pose_streamer | buf= 93
2026-04-09T11:02:11.284Z | heartbeat: aruco_pose_streamer | buf= 94
2026-04-09T11:02:12.284Z | heartbeat: aruco_pose_streamer | buf= 95
2026-04-09T11:02:13.284Z | heartbeat: aruco_pose_streamer | buf= 96
2026-04-09T11:02:14.284Z | heartbeat: aruco_pose_streamer | buf= 97
2026-04-09T11:02:15.284Z | heartbeat: aruco_pose_streamer | buf= 98
2026-04-09T11:02:16.284Z | heartbeat: aruco_pose_streamer | buf= 99
2026-04-09T11:02:17.284Z | heartbeat: aruco_pose_streamer | buf=100
2026-04-09T11:02:18.284Z | heartbeat: aruco_pose_streamer | buf= 91
2026-04-09T11:02:19.284Z | heartbeat: aruco_pose_streamer | buf= 92
2026-04-09T11:02:20.284Z | heartbeat: aruco_pose_streamer | buf= 93
2026-04-09T11:02:21.284Z | heartbeat: aruco_pose_streamer | buf= 94
2026-04-09T11:02:22.284Z | heartbeat: aruco_pose_streamer | buf= 95
2026-04-09T11:02:23.284Z | heartbeat: aruco_pose_streamer | buf= 96
2026-04-09T11:02:24.284Z | heartbeat: aruco_pose_streamer | buf= 97
2026-04-09T11:02:25.284Z | heartbeat: aruco_pose_streamer | buf= 98
2026-04-09T11:02:26.284Z | heartbeat: aruco_pose_streamer | buf= 99
2026-04-09T11:02:27.284Z | heartbeat: aruco_pose_streamer | buf=100
2026-04-09T11:02:28.284Z | heartbeat: aruco_pose_streamer | buf= 91
2026-04-09T11:02:29.284Z | heartbeat: aruco_pose_streamer | buf= 92
2026-04-09T11:02:30.284Z | heartbeat: aruco_pose_streamer | buf= 93
2026-04-09T11:02:31.284Z | heartbeat: aruco_pose_streamer | buf= 94
2026-04-09T11:02:32.284Z | heartbeat: aruco_pose_streamer | buf= 95
2026-04-09T11:02:33.284Z | heartbeat: aruco_pose_streamer | buf= 96
2026-04-09T11:02:34.284Z | heartbeat: aruco_pose_streamer | buf= 97
2026-04-09T11:02:35.284Z | heartbeat: aruco_pose_streamer | buf= 98
2026-04-09T11:02:36.284Z | heartbeat: aruco_pose_streamer | buf= 99
2026-04-09T11:02:37.284Z | heartbeat: aruco_pose_streamer | buf=100
2026-04-09T11:02:38.284Z | heartbeat: aruco_pose_streamer | buf= 91
2026-04-09T11:02:39.284Z | heartbeat: aruco_pose_streamer | buf= 92
2026-04-09T11:02:40.284Z | heartbeat: aruco_pose_streamer | buf= 93
2026-04-09T11:02:41.284Z | heartbeat: aruco_pose_streamer | buf= 94
2026-04-09T11:02:42.284Z | heartbeat: aruco_pose_streamer | buf= 95
2026-04-09T11:02:43.284Z | heartbeat: aruco_pose_streamer | buf= 96
2026-04-09T11:02:44.284Z | heartbeat: aruco_pose_streamer | buf= 97
2026-04-09T11:02:45.284Z | heartbeat: aruco_pose_streamer | buf= 98
2026-04-09T11:02:46.284Z | heartbeat: aruco_pose_streamer | buf= 99
2026-04-09T11:02:47.284Z | heartbeat: aruco_pose_streamer | buf=100
2026-04-09T11:02:48.284Z | heartbeat: aruco_pose_streamer | buf= 91
2026-04-09T11:02:49.284Z | heartbeat: aruco_pose_streamer | buf= 92
2026-04-09T11:02:50.284Z | heartbeat: aruco_pose_streamer | buf= 93
2026-04-09T11:02:51.284Z | heartbeat: aruco_pose_streamer | buf= 94
2026-04-09T11:02:52.284Z | heartbeat: aruco_pose_streamer | buf= 95
